IDVenta,Fecha,IDProducto,IDCliente,IDVendedor,Cantidad,PrecioUnitario,Descuento,MontoTotal,CostoTotal
1,2023-01-01,1018,2056,34,15,14.21,0.0,213.15,90.0
2,2023-01-02,1004,2008,33,74,19.47,0.05,1368.74,740.0
3,2023-01-03,1011,2052,34,27,91.07,0.05,2335.95,945.0
4,2023-01-05,1010,2039,31,19,49.94,0.05,901.42,342.0
5,2023-01-05,1011,2048,36,11,89.62,0.0,985.82,385.0
6,2023-01-05,1002,2001,35,32,18.9,0.05,574.56,304.0
7,2023-01-06,1009,2026,35,34,29.28,0.0,995.52,408.0
8,2023-01-08,1007,2009,34,117,8.12,0.0,950.04,409.5
9,2023-01-09,1013,2020,31,25,76.53,0.1,1721.92,700.0
10,2023-01-12,1018,2003,30,33,14.32,0.0,472.56,198.0
11,2023-01-13,1014,2024,37,7,65.6,0.0,459.2,175.0
12,2023-01-13,1010,2029,31,15,45.98,0.0,689.7,270.0
13,2023-01-13,1010,2047,33,21,46.44,0.05,926.48,378.0
14,2023-01-13,1007,2024,34,93,8.22,0.0,764.46,325.5
15,2023-01-13,1014,2029,35,2,59.08,0.0,118.16,50.0
16,2023-01-14,1005,2032,36,68,14.67,0.0,997.56,510.0
17,2023-01-15,1011,2029,37,7,95.59,0.0,669.13,245.0
18,2023-01-16,1005,2010,31,42,14.44,0.05,576.16,315.0
19,2023-01-17,1007,2046,36,8,8.46,0.05,64.3,28.0
20,2023-01-17,1006,2027,31,1,9.09,0.0,9.09,4.0
21,2023-01-20,1015,2045,33,10,96.62,0.0,966.2,400.0
22,2023-01-20,1008,2014,30,80,10.04,0.15,682.72,360.0
23,2023-01-20,1017,2038,36,1,40.46,0.1,36.41,15.0
24,2023-01-21,1017,2040,33,18,39.58,0.0,712.44,270.0
25,2023-01-22,1020,2052,30,10,43.88,0.05,416.86,190.0
26,2023-01-23,1008,2011,32,70,9.76,0.05,649.04,315.0
27,2023-01-23,1013,2044,30,26,69.77,0.05,1723.32,728.0
28,2023-01-24,1019,2014,35,35,42.27,0.05,1405.48,560.0
29,2023-01-24,1011,2014,34,15,89.12,0.0,1336.8,525.0
30,2023-01-24,1018,2059,31,8,13.87,0.05,105.41,48.0
31,2023-01-25,1008,2045,30,286,10.51,0.05,2855.57,1287.0
32,2023-01-26,1002,2055,31,33,18.12,0.0,597.96,313.5
33,2023-01-27,1010,2026,35,23,48.25,0.05,1054.26,414.0
34,2023-01-29,1008,2032,36,59,10.9,0.0,643.1,265.5
35,2023-01-29,1004,2038,34,44,22.03,0.0,969.32,440.0
36,2023-01-30,1004,2005,35,69,21.69,0.0,1496.61,690.0
37,2023-01-30,1004,2010,33,76,20.07,0.1,1372.79,760.0
38,2023-01-31,1009,2015,35,23,30.45,0.0,700.35,276.0
39,2023-02-01,1005,2029,30,120,15.36,0.05,1751.04,900.0
40,2023-02-02,1010,2050,36,59,46.41,0.05,2601.28,1062.0
41,2023-02-04,1019,2059,34,97,39.96,0.0,3876.12,1552.0
42,2023-02-04,1002,2008,37,51,18.99,0.05,920.07,484.5
43,2023-02-05,1020,2019,37,18,47.83,0.0,860.94,342.0
44,2023-02-06,1018,2051,34,12,13.68,0.1,147.74,72.0
45,2023-02-07,1010,2057,30,11,45.01,0.05,470.35,198.0
46,2023-02-07,1013,2048,34,22,75.09,0.0,1651.98,616.0
47,2023-02-08,1019,2059,35,35,40.06,0.05,1332.0,560.0
48,2023-02-08,1015,2024,33,2,97.22,0.0,194.44,80.0
49,2023-02-08,1003,2017,31,52,23.54,0.0,1224.08,624.0
50,2023-02-08,1006,2039,36,138,9.1,0.0,1255.8,552.0
51,2023-02-09,1004,2051,35,20,21.19,0.0,423.8,200.0
52,2023-02-09,1013,2016,30,24,76.14,0.0,1827.36,672.0
53,2023-02-10,1002,2019,36,57,20.02,0.0,1141.14,541.5
54,2023-02-10,1011,2008,36,4,91.42,0.05,347.4,140.0
55,2023-02-10,1011,2041,34,8,87.71,0.15,596.43,280.0
56,2023-02-11,1015,2032,37,17,97.23,0.05,1570.26,680.0
57,2023-02-14,1004,2012,32,45,21.62,0.1,875.61,450.0
58,2023-02-16,1002,2031,37,25,17.83,0.0,445.75,237.5
59,2023-02-17,1016,2012,30,14,49.18,0.1,619.67,280.0
60,2023-02-17,1011,2024,36,17,96.96,0.0,1648.32,595.0
61,2023-02-17,1004,2002,31,113,21.28,0.1,2164.18,1130.0
62,2023-02-18,1010,2015,31,7,50.37,0.0,352.59,126.0
63,2023-02-19,1010,2005,33,7,45.62,0.05,303.37,126.0
64,2023-02-21,1018,2030,32,47,13.1,0.1,554.13,282.0
65,2023-02-21,1010,2027,33,23,50.03,0.1,1035.62,414.0
66,2023-02-21,1005,2004,31,11,13.64,0.1,135.04,82.5
67,2023-02-22,1009,2003,31,22,28.74,0.05,600.67,264.0
68,2023-02-23,1013,2049,33,19,73.41,0.05,1325.05,532.0
69,2023-02-24,1007,2003,37,59,7.94,0.0,468.46,206.5
70,2023-02-25,1010,2037,32,8,47.19,0.0,377.52,144.0
71,2023-02-25,1012,2022,37,13,55.7,0.0,724.1,286.0
72,2023-02-25,1014,2030,32,15,59.5,0.1,803.25,375.0
73,2023-02-26,1012,2043,34,22,53.65,0.1,1062.27,484.0
74,2023-02-26,1016,2011,34,34,52.75,0.0,1793.5,680.0
75,2023-02-28,1020,2039,31,15,48.08,0.1,649.08,285.0
76,2023-03-02,1001,2010,31,78,14.88,0.05,1102.61,624.0
77,2023-03-03,1010,2018,30,6,45.0,0.05,256.5,108.0
78,2023-03-03,1012,2051,31,9,58.67,0.05,501.63,198.0
79,2023-03-05,1004,2044,34,111,20.8,0.0,2308.8,1110.0
80,2023-03-05,1018,2035,32,42,14.37,0.0,603.54,252.0
81,2023-03-05,1015,2022,31,13,93.62,0.1,1095.35,520.0
82,2023-03-06,1007,2048,36,158,8.27,0.1,1175.99,553.0
83,2023-03-08,1012,2039,36,59,61.4,0.0,3622.6,1298.0
84,2023-03-09,1019,2027,34,42,42.25,0.0,1774.5,672.0
85,2023-03-09,1011,2028,36,20,89.11,0.05,1693.09,700.0
86,2023-03-09,1006,2056,37,143,9.98,0.15,1213.07,572.0
87,2023-03-09,1005,2025,32,158,14.17,0.0,2238.86,1185.0
88,2023-03-11,1018,2012,35,19,13.65,0.05,246.38,114.0
89,2023-03-12,1018,2056,33,95,13.01,0.0,1235.95,570.0
90,2023-03-12,1017,2017,35,16,37.74,0.0,603.84,240.0
91,2023-03-13,1020,2050,36,23,44.38,0.1,918.67,437.0
92,2023-03-13,1005,2006,33,105,15.14,0.15,1351.24,787.5
93,2023-03-15,1013,2002,37,26,75.85,0.0,1972.1,728.0
94,2023-03-16,1003,2029,30,135,25.34,0.0,3420.9,1620.0
95,2023-03-16,1011,2034,31,40,93.34,0.15,3173.56,1400.0
96,2023-03-16,1002,2030,33,55,17.89,0.0,983.95,522.5
97,2023-03-17,1015,2020,36,27,105.62,0.15,2423.98,1080.0
98,2023-03-19,1005,2044,36,47,15.16,0.0,712.52,352.5
99,2023-03-19,1018,2023,33,48,14.43,0.0,692.64,288.0
100,2023-03-20,1010,2054,36,7,44.75,0.0,313.25,126.0
101,2023-03-20,1004,2010,37,96,19.89,0.0,1909.44,960.0
102,2023-03-21,1011,2046,36,33,94.02,0.05,2947.53,1155.0
103,2023-03-21,1001,2003,33,123,16.29,0.05,1903.49,984.0
104,2023-03-22,1012,2016,33,30,61.26,0.0,1837.8,660.0
105,2023-03-23,1001,2036,36,40,15.13,0.1,544.68,320.0
106,2023-03-23,1020,2026,34,91,43.9,0.0,3994.9,1729.0
107,2023-03-24,1001,2046,34,15,14.57,0.1,196.7,120.0
108,2023-03-24,1018,2008,32,21,12.87,0.1,243.24,126.0
109,2023-03-26,1011,2030,34,24,92.92,0.0,2230.08,840.0
110,2023-03-28,1015,2013,30,2,102.63,0.0,205.26,80.0
111,2023-03-29,1020,2005,31,28,45.64,0.0,1277.92,532.0
112,2023-03-29,1012,2049,33,22,60.02,0.0,1320.44,484.0
113,2023-03-29,1017,2033,32,18,40.89,0.05,699.22,270.0
114,2023-03-30,1018,2019,34,126,13.5,0.0,1701.0,756.0
115,2023-03-30,1014,2004,34,40,59.24,0.05,2251.12,1000.0
116,2023-03-31,1011,2036,34,25,95.25,0.05,2262.19,875.0
117,2023-03-31,1013,2056,33,46,72.32,0.05,3160.38,1288.0
118,2023-03-31,1013,2055,34,39,72.69,0.05,2693.16,1092.0
119,2023-04-03,1018,2059,35,61,13.16,0.1,722.48,366.0
120,2023-04-03,1017,2058,32,6,37.51,0.05,213.81,90.0
121,2023-04-04,1018,2025,35,30,13.37,0.0,401.1,180.0
122,2023-04-04,1007,2002,30,326,8.53,0.05,2641.74,1141.0
123,2023-04-05,1015,2058,32,29,99.36,0.05,2737.37,1160.0
124,2023-04-05,1011,2038,33,18,87.06,0.05,1488.73,630.0
125,2023-04-06,1008,2013,32,117,10.71,0.0,1253.07,526.5
126,2023-04-06,1012,2058,32,22,55.42,0.0,1219.24,484.0
127,2023-04-06,1014,2052,32,4,59.07,0.05,224.47,100.0
128,2023-04-06,1010,2020,35,16,45.15,0.05,686.28,288.0
129,2023-04-06,1013,2004,30,18,70.86,0.05,1211.71,504.0
130,2023-04-06,1007,2011,34,60,8.8,0.0,528.0,210.0
131,2023-04-08,1018,2016,37,16,12.72,0.0,203.52,96.0
132,2023-04-08,1002,2042,32,248,17.49,0.0,4337.52,2356.0
133,2023-04-10,1014,2023,30,20,61.31,0.0,1226.2,500.0
134,2023-04-10,1015,2050,37,7,96.57,0.05,642.19,280.0
135,2023-04-12,1004,2050,33,85,21.96,0.05,1773.27,850.0
136,2023-04-13,1007,2052,30,122,8.37,0.05,970.08,427.0
137,2023-04-13,1020,2057,37,30,46.19,0.0,1385.7,570.0
138,2023-04-13,1010,2021,37,42,47.83,0.1,1807.97,756.0
139,2023-04-13,1007,2020,30,26,8.12,0.0,211.12,91.0
140,2023-04-15,1010,2008,30,23,49.39,0.05,1079.17,414.0
141,2023-04-15,1005,2050,33,64,13.84,0.0,885.76,480.0
142,2023-04-16,1011,2025,32,47,91.24,0.0,4288.28,1645.0
143,2023-04-17,1007,2032,30,148,8.4,0.0,1243.2,518.0
144,2023-04-17,1009,2060,36,19,29.76,0.0,565.44,228.0
145,2023-04-17,1014,2037,37,5,66.4,0.0,332.0,125.0
146,2023-04-19,1019,2056,35,32,42.39,0.05,1288.66,512.0
147,2023-04-19,1001,2048,33,33,14.77,0.0,487.41,264.0
148,2023-04-20,1008,2019,34,133,10.27,0.0,1365.91,598.5
149,2023-04-21,1002,2004,37,100,19.6,0.0,1960.0,950.0
150,2023-04-22,1019,2006,37,28,42.1,0.05,1119.86,448.0
151,2023-04-22,1008,2042,30,81,10.69,0.0,865.89,364.5
152,2023-04-24,1010,2016,36,27,45.25,0.0,1221.75,486.0
153,2023-04-24,1006,2060,31,125,9.07,0.0,1133.75,500.0
154,2023-04-24,1019,2006,31,18,41.74,0.0,751.32,288.0
155,2023-04-26,1014,2038,31,25,59.55,0.05,1414.31,625.0
156,2023-04-26,1005,2055,32,170,15.04,0.0,2556.8,1275.0
157,2023-04-27,1011,2040,30,25,90.89,0.05,2158.64,875.0
158,2023-04-28,1012,2040,33,12,57.03,0.1,615.92,264.0
159,2023-04-28,1009,2055,30,12,29.57,0.1,319.36,144.0
160,2023-04-29,1005,2051,33,121,14.31,0.0,1731.51,907.5
161,2023-05-02,1016,2026,36,40,51.93,0.0,2077.2,800.0
162,2023-05-02,1009,2001,31,34,27.34,0.0,929.56,408.0
163,2023-05-04,1015,2014,33,6,94.61,0.15,482.51,240.0
164,2023-05-04,1009,2045,35,15,27.75,0.0,416.25,180.0
165,2023-05-05,1012,2013,32,37,60.51,0.15,1903.04,814.0
166,2023-05-05,1019,2022,34,37,40.96,0.15,1288.19,592.0
167,2023-05-05,1001,2016,32,56,16.74,0.05,890.57,448.0
168,2023-05-06,1008,2018,34,149,10.96,0.05,1551.39,670.5
169,2023-05-06,1002,2060,36,180,20.0,0.0,3600.0,1710.0
170,2023-05-08,1010,2045,33,52,46.47,0.0,2416.44,936.0
171,2023-05-09,1011,2044,35,39,94.91,0.0,3701.49,1365.0
172,2023-05-09,1016,2051,35,13,48.24,0.15,533.05,260.0
173,2023-05-09,1010,2042,32,68,47.8,0.0,3250.4,1224.0
174,2023-05-10,1002,2028,33,54,18.6,0.15,853.74,513.0
175,2023-05-10,1003,2024,36,135,24.13,0.05,3094.67,1620.0
176,2023-05-11,1002,2051,30,10,18.29,0.1,164.61,95.0
177,2023-05-11,1006,2037,36,251,9.71,0.15,2071.63,1004.0
178,2023-05-12,1018,2009,36,22,13.86,0.0,304.92,132.0
179,2023-05-12,1004,2022,35,121,20.58,0.05,2365.67,1210.0
180,2023-05-13,1013,2036,35,48,72.44,0.0,3477.12,1344.0
181,2023-05-13,1020,2041,37,54,47.45,0.0,2562.3,1026.0
182,2023-05-14,1007,2041,31,157,8.75,0.0,1373.75,549.5
183,2023-05-14,1018,2043,30,46,13.1,0.0,602.6,276.0
184,2023-05-14,1006,2022,37,225,9.52,0.0,2142.0,900.0
185,2023-05-15,1001,2038,35,114,15.36,0.05,1663.49,912.0
186,2023-05-15,1017,2043,35,66,41.64,0.0,2748.24,990.0
187,2023-05-16,1019,2001,30,36,39.15,0.05,1338.93,576.0
188,2023-05-16,1018,2011,37,52,12.69,0.0,659.88,312.0
189,2023-05-18,1001,2047,37,38,14.71,0.0,558.98,304.0
190,2023-05-18,1015,2024,30,63,99.29,0.0,6255.27,2520.0
191,2023-05-19,1015,2021,33,7,94.74,0.0,663.18,280.0
192,2023-05-19,1017,2013,33,21,41.87,0.0,879.27,315.0
193,2023-05-19,1014,2056,32,20,66.47,0.15,1129.99,500.0
194,2023-05-20,1019,2029,37,81,38.47,0.0,3116.07,1296.0
195,2023-05-21,1004,2016,30,104,21.25,0.05,2099.5,1040.0
196,2023-05-22,1011,2031,33,36,89.52,0.0,3222.72,1260.0
197,2023-05-24,1017,2059,35,7,42.52,0.0,297.64,105.0
198,2023-05-24,1018,2035,30,10,13.56,0.1,122.04,60.0
199,2023-05-26,1009,2058,36,64,27.55,0.1,1586.88,768.0
200,2023-05-26,1009,2009,37,15,27.65,0.0,414.75,180.0
201,2023-05-28,1007,2034,35,220,8.12,0.15,1518.44,770.0
202,2023-05-29,1020,2032,36,28,49.95,0.0,1398.6,532.0
203,2023-05-30,1002,2049,30,79,19.32,0.0,1526.28,750.5
204,2023-05-30,1008,2051,32,106,10.5,0.05,1057.35,477.0
205,2023-06-01,1012,2040,32,16,55.7,0.15,757.52,352.0
206,2023-06-01,1008,2008,33,75,9.75,0.15,621.56,337.5
207,2023-06-02,1020,2060,35,15,49.68,0.0,745.2,285.0
208,2023-06-02,1018,2001,32,12,14.35,0.05,163.59,72.0
209,2023-06-03,1006,2053,31,34,8.94,0.05,288.76,136.0
210,2023-06-04,1007,2019,36,128,8.38,0.05,1019.01,448.0
211,2023-06-04,1010,2056,31,79,49.35,0.0,3898.65,1422.0
212,2023-06-05,1007,2049,34,268,7.89,0.0,2114.52,938.0
213,2023-06-07,1006,2040,32,101,8.97,0.05,860.67,404.0
214,2023-06-07,1002,2019,37,124,18.43,0.0,2285.32,1178.0
215,2023-06-08,1014,2055,36,24,64.06,0.0,1537.44,600.0
216,2023-06-08,1003,2033,30,92,24.34,0.05,2127.32,1104.0
217,2023-06-08,1016,2055,35,10,48.17,0.0,481.7,200.0
218,2023-06-10,1018,2051,34,102,13.04,0.05,1263.58,612.0
219,2023-06-11,1003,2023,36,16,26.87,0.05,408.42,192.0
220,2023-06-11,1015,2040,30,23,104.03,0.05,2273.06,920.0
221,2023-06-11,1008,2054,32,138,10.47,0.15,1228.13,621.0
222,2023-06-14,1013,2006,32,22,76.91,0.0,1692.02,616.0
223,2023-06-14,1003,2006,35,42,25.25,0.1,954.45,504.0
224,2023-06-14,1006,2013,31,31,9.03,0.1,251.94,124.0
225,2023-06-15,1011,2034,34,21,98.81,0.0,2075.01,735.0
226,2023-06-15,1008,2037,32,227,9.88,0.15,1906.35,1021.5
227,2023-06-16,1015,2001,35,21,101.39,0.05,2022.73,840.0
228,2023-06-16,1015,2019,30,49,93.2,0.1,4110.12,1960.0
229,2023-06-16,1019,2057,32,14,38.17,0.0,534.38,224.0
230,2023-06-16,1013,2020,35,19,77.18,0.05,1393.1,532.0
231,2023-06-17,1016,2051,34,10,53.42,0.0,534.2,200.0
232,2023-06-17,1007,2001,34,126,8.03,0.0,1011.78,441.0
233,2023-06-17,1014,2054,31,25,64.76,0.0,1619.0,625.0
234,2023-06-18,1011,2044,33,64,97.74,0.0,6255.36,2240.0
235,2023-06-20,1013,2057,37,13,68.0,0.0,884.0,364.0
236,2023-06-20,1020,2013,37,109,45.67,0.15,4231.33,2071.0
237,2023-06-20,1012,2018,31,14,54.4,0.05,723.52,308.0
238,2023-06-21,1011,2005,33,19,98.64,0.05,1780.45,665.0
239,2023-06-21,1003,2019,37,57,26.25,0.0,1496.25,684.0
240,2023-06-24,1006,2040,33,41,8.84,0.1,326.2,164.0
241,2023-06-25,1003,2035,37,77,24.4,0.1,1690.92,924.0
242,2023-06-29,1016,2039,33,5,46.83,0.0,234.15,100.0
243,2023-06-29,1020,2053,32,19,44.2,0.0,839.8,361.0
244,2023-07-01,1016,2011,34,16,50.79,0.0,812.64,320.0
245,2023-07-01,1013,2045,37,2,76.96,0.0,153.92,56.0
246,2023-07-02,1016,2028,33,13,47.34,0.0,615.42,260.0
247,2023-07-02,1015,2013,36,11,93.14,0.15,870.86,440.0
248,2023-07-03,1008,2026,31,55,10.91,0.15,510.04,247.5
249,2023-07-03,1001,2007,36,83,16.8,0.0,1394.4,664.0
250,2023-07-05,1020,2002,32,33,46.21,0.0,1524.93,627.0
251,2023-07-05,1019,2060,37,19,42.82,0.1,732.22,304.0
252,2023-07-09,1005,2001,34,62,14.58,0.15,768.37,465.0
253,2023-07-09,1012,2048,34,33,53.59,0.0,1768.47,726.0
254,2023-07-10,1004,2029,30,51,20.25,0.0,1032.75,510.0
255,2023-07-11,1018,2040,35,21,13.12,0.0,275.52,126.0
256,2023-07-11,1003,2034,30,49,25.16,0.0,1232.84,588.0
257,2023-07-11,1015,2017,33,15,92.79,0.0,1391.85,600.0
258,2023-07-12,1011,2035,30,63,86.59,0.0,5455.17,2205.0
259,2023-07-12,1005,2004,36,16,14.67,0.0,234.72,120.0
260,2023-07-12,1019,2031,33,94,42.07,0.05,3756.85,1504.0
261,2023-07-12,1015,2012,34,5,93.39,0.0,466.95,200.0
262,2023-07-13,1003,2044,35,71,26.5,0.1,1693.35,852.0
263,2023-07-14,1006,2032,34,96,9.4,0.0,902.4,384.0
264,2023-07-14,1011,2034,34,10,98.66,0.05,937.27,350.0
265,2023-07-16,1007,2038,34,256,8.65,0.0,2214.4,896.0
266,2023-07-16,1020,2018,36,36,47.2,0.1,1529.28,684.0
267,2023-07-16,1004,2025,37,100,19.5,0.05,1852.5,1000.0
268,2023-07-17,1017,2012,36,34,40.6,0.05,1311.38,510.0
269,2023-07-19,1002,2045,33,34,19.58,0.0,665.72,323.0
270,2023-07-20,1007,2037,34,26,8.58,0.0,223.08,91.0
271,2023-07-21,1015,2032,35,4,93.77,0.05,356.33,160.0
272,2023-07-22,1015,2055,35,18,103.68,0.0,1866.24,720.0
273,2023-07-22,1019,2009,33,27,40.68,0.0,1098.36,432.0
274,2023-07-23,1012,2014,31,33,60.67,0.1,1801.9,726.0
275,2023-07-23,1020,2034,33,31,45.0,0.0,1395.0,589.0
276,2023-07-24,1004,2019,31,95,19.48,0.0,1850.6,950.0
277,2023-07-24,1009,2019,34,30,30.31,0.0,909.3,360.0
278,2023-07-24,1006,2032,30,68,9.85,0.0,669.8,272.0
279,2023-07-24,1004,2012,37,14,19.81,0.0,277.34,140.0
280,2023-07-25,1007,2023,32,24,8.51,0.0,204.24,84.0
281,2023-07-25,1007,2050,37,150,8.1,0.0,1215.0,525.0
282,2023-07-26,1010,2017,35,11,48.12,0.0,529.32,198.0
283,2023-07-30,1001,2043,34,129,15.23,0.05,1866.44,1032.0
284,2023-07-30,1002,2034,31,134,18.7,0.05,2380.51,1273.0
285,2023-08-04,1019,2042,34,48,42.13,0.0,2022.24,768.0
286,2023-08-04,1012,2055,32,19,55.1,0.1,942.21,418.0
287,2023-08-05,1017,2056,32,25,39.47,0.05,937.41,375.0
288,2023-08-07,1015,2052,36,8,95.97,0.05,729.37,320.0
289,2023-08-08,1011,2015,32,14,98.98,0.0,1385.72,490.0
290,2023-08-08,1007,2036,34,87,8.75,0.0,761.25,304.5
291,2023-08-08,1011,2045,34,18,86.62,0.1,1403.24,630.0
292,2023-08-09,1015,2022,31,2,103.9,0.0,207.8,80.0
293,2023-08-09,1019,2032,37,15,39.89,0.0,598.35,240.0
294,2023-08-09,1015,2029,34,14,102.72,0.0,1438.08,560.0
295,2023-08-11,1015,2024,31,7,98.49,0.0,689.43,280.0
296,2023-08-12,1005,2006,30,30,14.33,0.0,429.9,225.0
297,2023-08-13,1010,2040,31,9,45.35,0.0,408.15,162.0
298,2023-08-13,1005,2039,35,100,14.58,0.0,1458.0,750.0
299,2023-08-15,1011,2041,31,37,96.73,0.0,3579.01,1295.0
300,2023-08-16,1015,2027,30,6,104.76,0.15,534.28,240.0
301,2023-08-16,1019,2028,37,15,38.58,0.0,578.7,240.0
302,2023-08-17,1019,2047,34,9,42.59,0.0,383.31,144.0
303,2023-08-18,1001,2046,35,37,15.27,0.0,564.99,296.0
304,2023-08-18,1001,2020,37,39,16.33,0.0,636.87,312.0
305,2023-08-18,1003,2049,30,71,26.09,0.05,1759.77,852.0
306,2023-08-19,1010,2045,37,18,48.86,0.05,835.51,324.0
307,2023-08-20,1012,2033,34,13,55.92,0.0,726.96,286.0
308,2023-08-23,1007,2023,32,35,8.76,0.1,275.94,122.5
309,2023-08-23,1016,2038,31,12,52.24,0.0,626.88,240.0
310,2023-08-24,1004,2048,36,41,20.38,0.0,835.58,410.0
311,2023-08-25,1013,2005,36,22,74.11,0.05,1548.9,616.0
312,2023-08-25,1013,2058,35,21,72.19,0.05,1440.19,588.0
313,2023-08-26,1003,2043,33,70,24.23,0.0,1696.1,840.0
314,2023-08-26,1013,2043,36,5,73.45,0.0,367.25,140.0
315,2023-08-27,1003,2022,36,15,23.82,0.0,357.3,180.0
316,2023-08-27,1009,2026,33,11,30.57,0.0,336.27,132.0
317,2023-08-28,1014,2046,36,10,58.59,0.05,556.61,250.0
318,2023-08-30,1004,2039,32,56,19.84,0.0,1111.04,560.0
319,2023-08-30,1014,2018,31,6,61.12,0.0,366.72,150.0
320,2023-08-30,1004,2008,34,102,21.11,0.0,2153.22,1020.0
321,2023-08-31,1016,2024,37,16,46.75,0.05,710.6,320.0
322,2023-09-01,1012,2057,31,27,61.45,0.0,1659.15,594.0
323,2023-09-02,1020,2031,36,7,45.29,0.0,317.03,133.0
324,2023-09-03,1006,2027,37,29,9.48,0.0,274.92,116.0
325,2023-09-04,1007,2029,30,37,7.84,0.05,275.58,129.5
326,2023-09-05,1015,2010,31,30,93.9,0.0,2817.0,1200.0
327,2023-09-07,1015,2022,30,12,100.27,0.05,1143.08,480.0
328,2023-09-08,1002,2014,30,94,18.55,0.0,1743.7,893.0
329,2023-09-11,1007,2016,32,91,8.77,0.05,758.17,318.5
330,2023-09-12,1004,2039,33,148,21.07,0.0,3118.36,1480.0
331,2023-09-12,1012,2006,30,11,58.16,0.05,607.77,242.0
332,2023-09-16,1005,2017,30,76,14.87,0.0,1130.12,570.0
333,2023-09-16,1020,2046,34,74,49.08,0.0,3631.92,1406.0
334,2023-09-16,1016,2032,31,13,47.38,0.0,615.94,260.0
335,2023-09-16,1003,2004,35,103,24.97,0.05,2443.31,1236.0
336,2023-09-17,1010,2026,32,1,47.55,0.05,45.17,18.0
337,2023-09-17,1002,2023,30,61,19.49,0.0,1188.89,579.5
338,2023-09-18,1002,2060,33,19,19.37,0.0,368.03,180.5
339,2023-09-18,1020,2055,36,8,44.97,0.0,359.76,152.0
340,2023-09-19,1001,2019,32,112,16.57,0.0,1855.84,896.0
341,2023-09-20,1018,2034,35,14,14.02,0.0,196.28,84.0
342,2023-09-20,1020,2010,33,46,45.24,0.0,2081.04,874.0
343,2023-09-21,1006,2004,36,85,9.78,0.0,831.3,340.0
344,2023-09-22,1003,2015,33,77,24.66,0.05,1803.88,924.0
345,2023-09-22,1006,2037,30,88,9.43,0.0,829.84,352.0
346,2023-09-24,1006,2058,37,252,9.68,0.0,2439.36,1008.0
347,2023-09-25,1011,2034,33,47,86.5,0.1,3658.95,1645.0
348,2023-09-25,1012,2007,37,35,57.58,0.0,2015.3,770.0
349,2023-09-26,1005,2019,37,22,14.69,0.0,323.18,165.0
350,2023-09-27,1019,2033,35,73,41.5,0.0,3029.5,1168.0
351,2023-09-28,1004,2010,34,47,22.07,0.05,985.43,470.0
352,2023-09-28,1015,2056,30,22,92.86,0.1,1838.63,880.0
353,2023-09-30,1014,2006,31,23,61.11,0.1,1264.98,575.0
354,2023-09-30,1005,2037,30,52,15.05,0.1,704.34,390.0
355,2023-10-01,1001,2021,36,35,16.12,0.05,535.99,280.0
356,2023-10-02,1005,2010,36,83,14.38,0.05,1133.86,622.5
357,2023-10-03,1014,2029,33,15,63.64,0.0,954.6,375.0
358,2023-10-04,1007,2037,30,157,8.16,0.0,1281.12,549.5
359,2023-10-05,1005,2037,33,136,15.56,0.1,1904.54,1020.0
360,2023-10-05,1003,2044,30,52,25.34,0.0,1317.68,624.0
361,2023-10-06,1011,2009,32,43,90.6,0.0,3895.8,1505.0
362,2023-10-07,1015,2028,31,48,105.05,0.0,5042.4,1920.0
363,2023-10-07,1014,2043,36,10,62.57,0.0,625.7,250.0
364,2023-10-08,1003,2031,36,106,26.24,0.15,2364.22,1272.0
365,2023-10-09,1002,2048,32,10,18.96,0.05,180.12,95.0
366,2023-10-09,1002,2024,32,92,17.66,0.05,1543.48,874.0
367,2023-10-10,1007,2008,30,59,8.88,0.05,497.72,206.5
368,2023-10-11,1002,2032,31,91,17.63,0.0,1604.33,864.5
369,2023-10-11,1012,2057,37,29,54.46,0.05,1500.37,638.0
370,2023-10-12,1003,2014,32,35,24.4,0.0,854.0,420.0
371,2023-10-12,1005,2053,34,14,14.34,0.05,190.72,105.0
372,2023-10-15,1005,2027,32,111,13.81,0.0,1532.91,832.5
373,2023-10-16,1020,2044,34,24,45.07,0.0,1081.68,456.0
374,2023-10-16,1015,2002,37,17,97.59,0.1,1493.13,680.0
375,2023-10-18,1020,2013,30,7,49.57,0.0,346.99,133.0
376,2023-10-19,1015,2032,32,19,106.24,0.0,2018.56,760.0
377,2023-10-20,1018,2009,34,8,12.63,0.0,101.04,48.0
378,2023-10-20,1002,2037,33,114,19.91,0.0,2269.74,1083.0
379,2023-10-21,1016,2055,34,25,47.15,0.0,1178.75,500.0
380,2023-10-22,1004,2058,36,34,21.12,0.0,718.08,340.0
381,2023-10-22,1016,2014,33,7,49.31,0.0,345.17,140.0
382,2023-10-22,1003,2017,37,13,24.53,0.0,318.89,156.0
383,2023-10-22,1020,2033,33,36,45.76,0.0,1647.36,684.0
384,2023-10-23,1013,2030,31,25,75.35,0.05,1789.56,700.0
385,2023-10-24,1004,2011,37,53,20.62,0.15,928.93,530.0
386,2023-10-24,1011,2028,32,31,87.93,0.0,2725.83,1085.0
387,2023-10-26,1014,2037,36,28,58.21,0.0,1629.88,700.0
388,2023-10-27,1002,2011,37,95,18.2,0.0,1729.0,902.5
389,2023-10-28,1004,2047,32,126,20.81,0.05,2490.96,1260.0
390,2023-10-28,1007,2031,30,79,8.9,0.05,667.94,276.5
391,2023-10-29,1015,2012,32,7,94.68,0.05,629.62,280.0
392,2023-10-30,1009,2048,30,44,30.97,0.0,1362.68,528.0
393,2023-10-30,1005,2037,33,25,13.99,0.0,349.75,187.5
394,2023-11-01,1002,2053,31,58,18.67,0.0,1082.86,551.0
395,2023-11-01,1008,2036,37,6,9.84,0.0,59.04,27.0
396,2023-11-03,1013,2023,37,11,76.21,0.05,796.39,308.0
397,2023-11-04,1003,2049,30,55,25.63,0.1,1268.68,660.0
398,2023-11-04,1011,2031,35,29,94.38,0.05,2600.17,1015.0
399,2023-11-04,1006,2041,32,11,9.69,0.1,95.93,44.0
400,2023-11-04,1005,2036,36,67,15.27,0.1,920.78,502.5
401,2023-11-05,1009,2028,34,24,29.23,0.0,701.52,288.0
402,2023-11-06,1017,2007,30,27,41.56,0.0,1122.12,405.0
403,2023-11-07,1001,2055,32,30,14.55,0.1,392.85,240.0
404,2023-11-08,1001,2040,36,123,16.68,0.0,2051.64,984.0
405,2023-11-09,1019,2048,31,24,41.46,0.05,945.29,384.0
406,2023-11-09,1004,2033,36,71,19.95,0.05,1345.63,710.0
407,2023-11-10,1015,2045,37,47,100.74,0.0,4734.78,1880.0
408,2023-11-11,1005,2028,31,63,14.02,0.15,750.77,472.5
409,2023-11-12,1001,2029,35,81,15.45,0.1,1126.31,648.0
410,2023-11-13,1008,2041,32,110,10.07,0.0,1107.7,495.0
411,2023-11-14,1014,2004,33,8,64.77,0.1,466.34,200.0
412,2023-11-15,1018,2015,31,16,12.64,0.0,202.24,96.0
413,2023-11-16,1016,2051,30,2,53.75,0.0,107.5,40.0
414,2023-11-17,1002,2049,32,65,17.47,0.0,1135.55,617.5
415,2023-11-18,1014,2050,33,21,59.29,0.0,1245.09,525.0
416,2023-11-18,1020,2027,35,60,45.66,0.0,2739.6,1140.0
417,2023-11-19,1009,2026,30,8,28.52,0.15,193.94,96.0
418,2023-11-20,1004,2045,32,103,21.63,0.15,1893.71,1030.0
419,2023-11-20,1010,2035,37,29,47.13,0.15,1161.75,522.0
420,2023-11-21,1016,2051,34,23,49.07,0.15,959.32,460.0
421,2023-11-21,1012,2020,37,16,54.23,0.0,867.68,352.0
422,2023-11-23,1003,2008,30,74,24.36,0.1,1622.38,888.0
423,2023-11-23,1009,2011,36,21,31.16,0.0,654.36,252.0
424,2023-11-25,1003,2025,33,162,25.65,0.0,4155.3,1944.0
425,2023-11-25,1004,2045,37,191,21.97,0.0,4196.27,1910.0
426,2023-11-25,1017,2050,30,20,37.33,0.0,746.6,300.0
427,2023-11-25,1008,2033,33,222,10.2,0.0,2264.4,999.0
428,2023-11-25,1002,2054,35,50,17.54,0.0,877.0,475.0
429,2023-11-26,1020,2040,35,8,44.65,0.0,357.2,152.0
430,2023-11-27,1012,2049,36,30,60.75,0.1,1640.25,660.0
431,2023-11-27,1008,2057,37,112,10.95,0.0,1226.4,504.0
432,2023-11-29,1004,2009,35,46,22.33,0.05,975.82,460.0
433,2023-11-30,1018,2020,36,36,12.8,0.0,460.8,216.0
434,2023-12-01,1014,2035,35,2,59.78,0.0,119.56,50.0
435,2023-12-01,1013,2013,36,34,74.15,0.05,2395.05,952.0
436,2023-12-01,1017,2044,36,6,40.84,0.0,245.04,90.0
437,2023-12-02,1016,2014,32,30,51.2,0.0,1536.0,600.0
438,2023-12-03,1005,2018,32,38,15.24,0.05,550.16,285.0
439,2023-12-03,1012,2018,31,20,60.73,0.15,1032.41,440.0
440,2023-12-04,1004,2017,32,38,21.07,0.0,800.66,380.0
441,2023-12-04,1017,2014,30,31,39.22,0.0,1215.82,465.0
442,2023-12-04,1019,2048,33,15,42.14,0.1,568.89,240.0
443,2023-12-05,1016,2001,32,9,47.28,0.05,404.24,180.0
444,2023-12-05,1003,2004,34,16,26.32,0.15,357.95,192.0
445,2023-12-05,1003,2006,33,35,26.6,0.1,837.9,420.0
446,2023-12-06,1003,2012,32,77,23.46,0.0,1806.42,924.0
447,2023-12-08,1003,2023,34,57,25.38,0.0,1446.66,684.0
448,2023-12-08,1015,2050,34,1,104.82,0.0,104.82,40.0
449,2023-12-10,1009,2042,36,35,28.28,0.0,989.8,420.0
450,2023-12-10,1001,2048,34,44,16.26,0.0,715.44,352.0
451,2023-12-14,1015,2034,36,3,94.03,0.0,282.09,120.0
452,2023-12-14,1002,2026,31,31,18.37,0.05,541.0,294.5
453,2023-12-14,1012,2037,36,38,53.4,0.1,1826.28,836.0
454,2023-12-15,1006,2015,33,104,8.87,0.0,922.48,416.0
455,2023-12-15,1020,2021,35,21,44.62,0.1,843.32,399.0
456,2023-12-15,1009,2018,30,20,30.86,0.05,586.34,240.0
457,2023-12-15,1020,2026,35,76,48.84,0.15,3155.06,1444.0
458,2023-12-17,1016,2059,36,29,49.15,0.0,1425.35,580.0
459,2023-12-18,1010,2027,34,8,46.71,0.0,373.68,144.0
460,2023-12-19,1010,2060,37,59,46.82,0.0,2762.38,1062.0
461,2023-12-20,1001,2059,31,29,15.64,0.0,453.56,232.0
462,2023-12-20,1014,2038,37,22,59.2,0.05,1237.28,550.0
463,2023-12-22,1009,2030,36,33,28.11,0.15,788.49,396.0
464,2023-12-22,1018,2033,35,9,13.45,0.0,121.05,54.0
465,2023-12-23,1014,2056,33,14,61.95,0.1,780.57,350.0
466,2023-12-23,1014,2008,31,30,58.24,0.0,1747.2,750.0
467,2023-12-24,1019,2022,36,24,37.99,0.1,820.58,384.0
468,2023-12-24,1008,2022,35,105,11.03,0.05,1100.24,472.5
469,2023-12-25,1010,2015,30,22,49.19,0.1,973.96,396.0
470,2023-12-25,1009,2004,36,24,30.47,0.05,694.72,288.0
471,2023-12-26,1017,2035,35,12,39.14,0.15,399.23,180.0
472,2023-12-26,1015,2023,36,44,92.75,0.1,3672.9,1760.0
473,2023-12-26,1018,2051,33,19,13.34,0.1,228.11,114.0
474,2023-12-27,1015,2008,33,31,96.01,0.0,2976.31,1240.0
475,2023-12-27,1011,2055,35,27,93.67,0.15,2149.73,945.0
476,2023-12-28,1010,2060,34,3,45.6,0.0,136.8,54.0
477,2023-12-29,1020,2039,30,45,49.99,0.15,1912.12,855.0
478,2023-12-29,1007,2029,32,116,8.85,0.0,1026.6,406.0
479,2023-12-30,1010,2033,34,65,45.24,0.15,2499.51,1170.0
480,2024-01-01,1006,2041,35,104,8.8,0.0,915.2,416.0
481,2024-01-02,1014,2032,33,24,60.86,0.0,1460.64,600.0
482,2024-01-02,1017,2020,31,1,37.46,0.05,35.59,15.0
483,2024-01-02,1007,2023,36,34,8.58,0.05,277.13,119.0
484,2024-01-03,1015,2048,33,28,93.61,0.1,2358.97,1120.0
485,2024-01-03,1003,2033,37,71,25.76,0.0,1828.96,852.0
486,2024-01-04,1009,2028,37,12,27.59,0.0,331.08,144.0
487,2024-01-08,1012,2050,35,4,60.92,0.0,243.68,88.0
488,2024-01-08,1002,2022,37,16,19.66,0.1,283.1,152.0
489,2024-01-08,1014,2022,35,3,58.83,0.05,167.67,75.0
490,2024-01-08,1013,2022,35,11,68.83,0.1,681.42,308.0
491,2024-01-09,1013,2009,33,43,69.82,0.0,3002.26,1204.0
492,2024-01-09,1004,2035,32,34,22.2,0.0,754.8,340.0
493,2024-01-10,1019,2034,34,26,41.65,0.1,974.61,416.0
494,2024-01-10,1012,2005,33,8,54.8,0.05,416.48,176.0
495,2024-01-10,1006,2045,35,147,9.4,0.0,1381.8,588.0
496,2024-01-11,1019,2007,32,30,38.91,0.05,1108.93,480.0
497,2024-01-12,1019,2019,36,27,43.59,0.0,1176.93,432.0
498,2024-01-16,1020,2057,34,43,45.78,0.1,1771.69,817.0
499,2024-01-17,1011,2030,34,34,88.77,0.0,3018.18,1190.0
500,2024-01-19,1013,2025,36,11,71.57,0.1,708.54,308.0
501,2024-01-19,1005,2006,31,142,15.02,0.0,2132.84,1065.0
502,2024-01-20,1009,2039,30,16,30.4,0.05,462.08,192.0
503,2024-01-20,1015,2050,31,23,93.23,0.05,2037.08,920.0
504,2024-01-20,1018,2029,37,21,14.42,0.0,302.82,126.0
505,2024-01-21,1006,2055,33,30,9.75,0.0,292.5,120.0
506,2024-01-21,1019,2017,32,21,43.13,0.0,905.73,336.0
507,2024-01-21,1014,2020,35,6,62.28,0.0,373.68,150.0
508,2024-01-21,1008,2056,35,78,10.47,0.0,816.66,351.0
509,2024-01-22,1019,2022,37,61,40.66,0.0,2480.26,976.0
510,2024-01-23,1013,2034,36,18,68.3,0.0,1229.4,504.0
511,2024-01-23,1018,2059,35,9,13.35,0.05,114.14,54.0
512,2024-01-26,1020,2039,36,11,47.23,0.0,519.53,209.0
513,2024-01-27,1012,2023,35,9,57.31,0.05,490.0,198.0
514,2024-01-27,1011,2003,31,12,99.17,0.05,1130.54,420.0
515,2024-01-27,1020,2040,31,51,48.23,0.0,2459.73,969.0
516,2024-01-28,1002,2046,37,46,17.69,0.0,813.74,437.0
517,2024-01-28,1008,2022,34,101,10.37,0.0,1047.37,454.5
518,2024-01-29,1012,2001,37,22,55.21,0.0,1214.62,484.0
519,2024-01-30,1015,2013,37,51,95.67,0.15,4147.29,2040.0
520,2024-01-30,1011,2049,34,19,93.42,0.0,1774.98,665.0
521,2024-01-31,1005,2033,35,86,14.62,0.0,1257.32,645.0
522,2024-02-01,1012,2041,35,11,54.48,0.05,569.32,242.0
523,2024-02-02,1009,2015,30,12,27.92,0.0,335.04,144.0
524,2024-02-02,1011,2053,34,17,99.63,0.0,1693.71,595.0
525,2024-02-03,1019,2057,36,29,43.36,0.0,1257.44,464.0
526,2024-02-03,1001,2049,31,33,16.14,0.0,532.62,264.0
527,2024-02-04,1016,2024,34,31,46.87,0.0,1452.97,620.0
528,2024-02-07,1014,2030,33,29,61.11,0.0,1772.19,725.0
529,2024-02-08,1020,2035,30,27,49.99,0.05,1282.24,513.0
530,2024-02-08,1019,2042,36,38,41.13,0.0,1562.94,608.0
531,2024-02-10,1008,2051,37,89,9.71,0.0,864.19,400.5
532,2024-02-10,1017,2006,35,1,38.99,0.0,38.99,15.0
533,2024-02-10,1001,2029,36,85,16.21,0.1,1240.07,680.0
534,2024-02-11,1001,2039,30,4,16.18,0.15,55.01,32.0
535,2024-02-12,1004,2053,34,8,21.47,0.0,171.76,80.0
536,2024-02-12,1005,2025,35,132,15.08,0.0,1990.56,990.0
537,2024-02-12,1016,2053,31,12,50.35,0.05,573.99,240.0
538,2024-02-12,1009,2055,37,34,27.96,0.0,950.64,408.0
539,2024-02-13,1014,2021,34,10,64.77,0.0,647.7,250.0
540,2024-02-13,1005,2007,35,15,15.18,0.0,227.7,112.5
541,2024-02-15,1002,2006,35,92,19.17,0.15,1499.09,874.0
542,2024-02-15,1007,2006,31,16,8.51,0.0,136.16,56.0
543,2024-02-15,1019,2058,32,18,43.55,0.05,744.7,288.0
544,2024-02-16,1009,2049,32,6,29.78,0.0,178.68,72.0
545,2024-02-17,1017,2057,35,13,41.13,0.05,507.96,195.0
546,2024-02-19,1015,2007,37,15,100.07,0.05,1426.0,600.0
547,2024-02-20,1018,2014,36,27,14.24,0.0,384.48,162.0
548,2024-02-20,1019,2046,31,17,39.0,0.0,663.0,272.0
549,2024-02-21,1016,2019,35,13,50.0,0.0,650.0,260.0
550,2024-02-22,1011,2014,36,11,93.57,0.0,1029.27,385.0
551,2024-02-22,1004,2030,31,13,21.68,0.0,281.84,130.0
552,2024-02-23,1009,2035,35,29,30.78,0.0,892.62,348.0
553,2024-02-24,1015,2016,34,5,93.28,0.05,443.08,200.0
554,2024-02-24,1011,2005,30,13,87.8,0.0,1141.4,455.0
555,2024-02-24,1019,2010,35,29,43.05,0.15,1061.18,464.0
556,2024-02-24,1018,2017,34,21,14.02,0.05,279.7,126.0
557,2024-02-25,1017,2056,30,6,41.28,0.1,222.91,90.0
558,2024-02-25,1012,2028,30,28,60.56,0.15,1441.33,616.0
559,2024-02-26,1018,2025,32,34,13.54,0.0,460.36,204.0
560,2024-02-26,1010,2058,34,19,46.64,0.15,753.24,342.0
561,2024-02-27,1014,2016,33,34,65.64,0.0,2231.76,850.0
562,2024-02-27,1008,2049,33,68,10.81,0.15,624.82,306.0
563,2024-02-27,1007,2019,31,43,8.78,0.0,377.54,150.5
564,2024-02-28,1018,2024,37,19,14.14,0.0,268.66,114.0
565,2024-02-28,1002,2013,35,126,19.81,0.0,2496.06,1197.0
566,2024-02-28,1006,2047,33,28,8.98,0.0,251.44,112.0
567,2024-02-29,1006,2049,32,135,9.48,0.05,1215.81,540.0
568,2024-03-01,1018,2052,33,39,14.39,0.05,533.15,234.0
569,2024-03-02,1003,2007,35,135,24.17,0.0,3262.95,1620.0
570,2024-03-02,1016,2041,34,50,51.54,0.0,2577.0,1000.0
571,2024-03-02,1018,2017,33,81,13.64,0.0,1104.84,486.0
572,2024-03-02,1015,2031,32,21,97.57,0.0,2048.97,840.0
573,2024-03-03,1008,2020,35,89,10.56,0.0,939.84,400.5
574,2024-03-03,1015,2009,30,18,105.2,0.0,1893.6,720.0
575,2024-03-03,1002,2050,30,128,17.57,0.0,2248.96,1216.0
576,2024-03-04,1020,2012,37,31,44.58,0.0,1381.98,589.0
577,2024-03-04,1020,2018,36,21,49.83,0.05,994.11,399.0
578,2024-03-05,1010,2029,34,38,45.74,0.05,1651.21,684.0
579,2024-03-05,1007,2016,30,165,8.53,0.05,1337.08,577.5
580,2024-03-06,1011,2030,31,23,91.29,0.05,1994.69,805.0
581,2024-03-07,1010,2017,33,10,46.92,0.0,469.2,180.0
582,2024-03-08,1002,2002,34,59,18.01,0.0,1062.59,560.5
583,2024-03-09,1013,2040,32,43,67.78,0.0,2914.54,1204.0
584,2024-03-09,1013,2014,37,36,75.74,0.0,2726.64,1008.0
585,2024-03-09,1007,2018,37,109,7.93,0.0,864.37,381.5
586,2024-03-11,1005,2059,31,187,14.11,0.05,2506.64,1402.5
587,2024-03-11,1004,2059,34,120,21.03,0.05,2397.42,1200.0
588,2024-03-11,1017,2045,31,45,39.11,0.1,1583.96,675.0
589,2024-03-13,1007,2053,34,118,8.18,0.0,965.24,413.0
590,2024-03-15,1003,2031,31,180,25.81,0.0,4645.8,2160.0
591,2024-03-16,1005,2011,35,73,14.96,0.05,1037.48,547.5
592,2024-03-16,1015,2053,37,23,104.81,0.0,2410.63,920.0
593,2024-03-19,1008,2042,36,322,10.42,0.05,3187.48,1449.0
594,2024-03-19,1011,2035,30,36,86.56,0.05,2960.35,1260.0
595,2024-03-21,1005,2021,36,173,14.08,0.0,2435.84,1297.5
596,2024-03-21,1012,2040,36,37,61.52,0.05,2162.43,814.0
597,2024-03-22,1020,2058,33,86,50.29,0.0,4324.94,1634.0
598,2024-03-24,1010,2055,36,33,49.26,0.0,1625.58,594.0
599,2024-03-24,1017,2010,36,7,40.61,0.0,284.27,105.0
600,2024-03-24,1014,2032,36,36,66.92,0.1,2168.21,900.0
601,2024-03-25,1001,2052,34,71,15.0,0.05,1011.75,568.0
602,2024-03-25,1004,2026,34,143,20.81,0.0,2975.83,1430.0
603,2024-03-25,1004,2052,35,152,21.73,0.0,3302.96,1520.0
604,2024-03-26,1012,2010,36,77,59.31,0.05,4338.53,1694.0
605,2024-03-26,1006,2018,33,151,9.04,0.0,1365.04,604.0
606,2024-03-27,1009,2046,30,24,28.71,0.0,689.04,288.0
607,2024-03-30,1003,2026,35,81,25.35,0.0,2053.35,972.0
608,2024-03-30,1020,2029,33,58,45.57,0.05,2510.91,1102.0
609,2024-04-01,1012,2038,32,26,56.58,0.05,1397.53,572.0
610,2024-04-01,1020,2028,34,38,47.53,0.0,1806.14,722.0
611,2024-04-02,1018,2049,36,14,13.55,0.0,189.7,84.0
612,2024-04-04,1018,2038,33,71,12.87,0.05,868.08,426.0
613,2024-04-05,1019,2031,32,24,41.64,0.0,999.36,384.0
614,2024-04-05,1009,2018,37,19,30.32,0.1,518.47,228.0
615,2024-04-06,1011,2038,32,25,94.56,0.0,2364.0,875.0
616,2024-04-07,1017,2047,34,45,38.12,0.05,1629.63,675.0
617,2024-04-07,1010,2006,32,20,46.78,0.1,842.04,360.0
618,2024-04-08,1016,2001,36,14,48.29,0.05,642.26,280.0
619,2024-04-09,1016,2023,37,9,46.78,0.0,421.02,180.0
620,2024-04-09,1005,2004,37,7,14.66,0.0,102.62,52.5
621,2024-04-09,1012,2035,36,32,58.88,0.05,1789.95,704.0
622,2024-04-09,1001,2047,32,32,16.3,0.0,521.6,256.0
623,2024-04-09,1017,2022,36,15,42.02,0.05,598.79,225.0
624,2024-04-10,1011,2018,36,15,90.84,0.1,1226.34,525.0
625,2024-04-10,1016,2050,31,26,48.92,0.0,1271.92,520.0
626,2024-04-10,1015,2026,32,13,103.15,0.1,1206.86,520.0
627,2024-04-11,1011,2016,36,32,97.94,0.15,2663.97,1120.0
628,2024-04-11,1019,2050,34,75,39.94,0.0,2995.5,1200.0
629,2024-04-11,1014,2046,36,9,66.18,0.05,565.84,225.0
630,2024-04-12,1018,2039,32,37,12.89,0.0,476.93,222.0
631,2024-04-13,1004,2045,30,60,21.49,0.0,1289.4,600.0
632,2024-04-13,1010,2020,32,15,47.48,0.1,640.98,270.0
633,2024-04-14,1001,2026,36,20,14.69,0.0,293.8,160.0
634,2024-04-15,1002,2056,34,63,17.55,0.05,1050.37,598.5
635,2024-04-17,1015,2019,31,10,92.69,0.0,926.9,400.0
636,2024-04-17,1006,2037,32,31,9.11,0.0,282.41,124.0
637,2024-04-17,1004,2060,34,69,21.34,0.0,1472.46,690.0
638,2024-04-17,1008,2013,35,253,10.8,0.05,2595.78,1138.5
639,2024-04-18,1007,2004,36,43,8.07,0.1,312.31,150.5
640,2024-04-18,1015,2036,31,30,97.26,0.0,2917.8,1200.0
641,2024-04-20,1007,2051,32,157,8.09,0.0,1270.13,549.5
642,2024-04-21,1017,2006,33,20,37.31,0.1,671.58,300.0
643,2024-04-21,1001,2043,35,131,14.7,0.05,1829.41,1048.0
644,2024-04-25,1005,2026,33,179,15.41,0.15,2344.63,1342.5
645,2024-04-25,1009,2042,31,11,28.58,0.05,298.66,132.0
646,2024-04-26,1008,2058,34,34,11.12,0.0,378.08,153.0
647,2024-04-26,1018,2019,37,12,13.93,0.0,167.16,72.0
648,2024-04-26,1002,2040,31,28,19.8,0.05,526.68,266.0
649,2024-04-27,1001,2021,33,9,15.94,0.15,121.94,72.0
650,2024-04-27,1020,2015,35,54,46.59,0.0,2515.86,1026.0
651,2024-04-28,1003,2038,34,27,25.74,0.0,694.98,324.0
652,2024-04-28,1007,2025,34,35,8.36,0.1,263.34,122.5
653,2024-04-29,1001,2058,35,36,14.95,0.0,538.2,288.0
654,2024-04-29,1004,2032,34,32,20.33,0.0,650.56,320.0
655,2024-04-29,1004,2045,34,138,21.09,0.0,2910.42,1380.0
656,2024-04-29,1018,2048,35,45,13.65,0.0,614.25,270.0
657,2024-04-30,1002,2041,37,72,19.2,0.0,1382.4,684.0
658,2024-04-30,1010,2037,32,11,50.19,0.05,524.49,198.0
659,2024-04-30,1005,2001,33,50,14.94,0.05,709.65,375.0
660,2024-05-01,1005,2060,35,145,13.98,0.0,2027.1,1087.5
661,2024-05-02,1004,2024,35,67,20.75,0.0,1390.25,670.0
662,2024-05-02,1018,2025,37,8,13.07,0.05,99.33,48.0
663,2024-05-02,1018,2026,34,103,14.28,0.0,1470.84,618.0
664,2024-05-03,1001,2025,36,211,16.67,0.0,3517.37,1688.0
665,2024-05-04,1005,2053,35,54,14.13,0.05,724.87,405.0
666,2024-05-04,1003,2052,31,53,24.1,0.0,1277.3,636.0
667,2024-05-06,1012,2053,37,10,55.92,0.0,559.2,220.0
668,2024-05-06,1010,2037,30,13,44.74,0.0,581.62,234.0
669,2024-05-09,1016,2003,31,22,47.37,0.0,1042.14,440.0
670,2024-05-09,1008,2020,37,101,10.91,0.05,1046.81,454.5
671,2024-05-11,1020,2033,37,21,47.24,0.0,992.04,399.0
672,2024-05-11,1006,2022,31,288,9.81,0.1,2542.75,1152.0
673,2024-05-12,1020,2049,31,43,46.63,0.0,2005.09,817.0
674,2024-05-12,1019,2036,37,52,41.73,0.0,2169.96,832.0
675,2024-05-13,1016,2057,32,31,52.95,0.0,1641.45,620.0
676,2024-05-14,1004,2036,37,7,21.11,0.0,147.77,70.0
677,2024-05-15,1001,2003,33,55,15.61,0.1,772.69,440.0
678,2024-05-16,1010,2029,30,52,44.6,0.0,2319.2,936.0
679,2024-05-16,1016,2002,31,9,48.22,0.15,368.88,180.0
680,2024-05-16,1013,2044,35,6,74.63,0.0,447.78,168.0
681,2024-05-17,1006,2018,36,230,10.06,0.1,2082.42,920.0
682,2024-05-19,1006,2019,33,85,9.92,0.0,843.2,340.0
683,2024-05-19,1004,2009,36,73,19.69,0.1,1293.63,730.0
684,2024-05-19,1005,2027,31,62,15.31,0.05,901.76,465.0
685,2024-05-19,1004,2008,35,107,21.94,0.1,2112.82,1070.0
686,2024-05-21,1011,2052,34,3,88.76,0.0,266.28,105.0
687,2024-05-21,1013,2001,31,37,69.46,0.05,2441.52,1036.0
688,2024-05-21,1019,2023,34,11,43.51,0.05,454.68,176.0
689,2024-05-21,1009,2036,32,17,28.52,0.0,484.84,204.0
690,2024-05-23,1003,2052,35,80,24.14,0.0,1931.2,960.0
691,2024-05-24,1019,2017,37,80,38.67,0.0,3093.6,1280.0
692,2024-05-24,1001,2030,33,36,14.75,0.0,531.0,288.0
693,2024-05-24,1005,2003,36,62,14.95,0.0,926.9,465.0
694,2024-05-25,1001,2060,36,133,15.74,0.0,2093.42,1064.0
695,2024-05-25,1007,2017,33,53,8.04,0.0,426.12,185.5
696,2024-05-26,1003,2049,30,150,25.75,0.0,3862.5,1800.0
697,2024-05-26,1018,2017,37,8,13.89,0.05,105.56,48.0
698,2024-05-26,1017,2017,34,49,39.07,0.05,1818.71,735.0
699,2024-05-26,1018,2002,30,136,14.49,0.1,1773.58,816.0
700,2024-05-27,1012,2054,31,46,53.79,0.0,2474.34,1012.0
701,2024-05-27,1018,2003,36,49,13.57,0.0,664.93,294.0
702,2024-05-29,1019,2044,32,23,43.1,0.1,892.17,368.0
703,2024-05-29,1002,2020,32,42,19.7,0.0,827.4,399.0
704,2024-05-29,1017,2013,32,25,39.25,0.0,981.25,375.0
705,2024-05-30,1010,2033,34,89,45.94,0.0,4088.66,1602.0
706,2024-05-31,1010,2013,36,25,46.57,0.0,1164.25,450.0
707,2024-05-31,1015,2040,31,50,103.04,0.0,5152.0,2000.0
708,2024-05-31,1011,2039,37,21,95.11,0.0,1997.31,735.0
709,2024-05-31,1006,2029,32,141,8.78,0.05,1176.08,564.0
710,2024-06-01,1016,2005,37,15,52.69,0.1,711.31,300.0
711,2024-06-01,1016,2004,31,51,48.37,0.1,2220.18,1020.0
712,2024-06-01,1019,2049,30,113,38.23,0.1,3887.99,1808.0
713,2024-06-01,1005,2038,30,177,14.92,0.0,2640.84,1327.5
714,2024-06-03,1017,2020,37,35,39.89,0.05,1326.34,525.0
715,2024-06-03,1010,2057,32,26,49.36,0.1,1155.02,468.0
716,2024-06-04,1004,2007,35,81,20.62,0.05,1586.71,810.0
717,2024-06-05,1009,2031,33,34,28.91,0.0,982.94,408.0
718,2024-06-07,1012,2019,34,54,57.98,0.05,2974.37,1188.0
719,2024-06-07,1009,2008,34,56,27.78,0.0,1555.68,672.0
720,2024-06-07,1020,2007,37,149,44.44,0.0,6621.56,2831.0
721,2024-06-09,1002,2012,30,64,19.29,0.0,1234.56,608.0
722,2024-06-09,1001,2044,30,18,16.5,0.15,252.45,144.0
723,2024-06-10,1017,2058,33,53,39.4,0.0,2088.2,795.0
724,2024-06-11,1016,2047,31,26,50.0,0.0,1300.0,520.0
725,2024-06-12,1002,2057,34,151,17.97,0.0,2713.47,1434.5
726,2024-06-12,1006,2028,37,21,9.48,0.0,199.08,84.0
727,2024-06-13,1020,2019,34,67,49.1,0.05,3125.22,1273.0
728,2024-06-13,1007,2032,33,135,7.86,0.05,1008.05,472.5
729,2024-06-14,1005,2020,33,155,15.67,0.0,2428.85,1162.5
730,2024-06-14,1012,2057,30,23,56.55,0.1,1170.58,506.0
731,2024-06-14,1020,2019,30,42,47.09,0.05,1878.89,798.0
732,2024-06-15,1004,2025,33,145,19.7,0.0,2856.5,1450.0
733,2024-06-15,1018,2036,36,42,13.38,0.05,533.86,252.0
734,2024-06-15,1015,2038,36,24,105.2,0.0,2524.8,960.0
735,2024-06-16,1015,2045,36,47,105.22,0.0,4945.34,1880.0
736,2024-06-16,1005,2019,30,44,14.62,0.0,643.28,330.0
737,2024-06-17,1016,2047,37,27,49.07,0.0,1324.89,540.0
738,2024-06-17,1004,2003,33,197,20.75,0.1,3678.97,1970.0
739,2024-06-18,1014,2034,36,21,61.53,0.0,1292.13,525.0
740,2024-06-19,1015,2040,30,12,98.02,0.15,999.8,480.0
741,2024-06-19,1004,2043,30,26,19.48,0.0,506.48,260.0
742,2024-06-20,1016,2019,35,21,52.07,0.0,1093.47,420.0
743,2024-06-20,1002,2053,30,71,19.73,0.0,1400.83,674.5
744,2024-06-20,1018,2035,33,14,13.21,0.0,184.94,84.0
745,2024-06-21,1010,2003,33,28,44.83,0.0,1255.24,504.0
746,2024-06-22,1013,2059,35,12,70.18,0.0,842.16,336.0
747,2024-06-22,1020,2024,33,28,48.38,0.0,1354.64,532.0
748,2024-06-22,1015,2059,31,8,99.68,0.0,797.44,320.0
749,2024-06-23,1010,2039,30,23,43.96,0.0,1011.08,414.0
750,2024-06-24,1001,2009,36,165,16.77,0.15,2351.99,1320.0
751,2024-06-25,1002,2005,33,120,19.44,0.1,2099.52,1140.0
752,2024-06-25,1007,2011,30,146,8.62,0.15,1069.74,511.0
753,2024-06-27,1017,2023,32,33,37.97,0.05,1190.36,495.0
754,2024-06-27,1017,2017,37,13,42.07,0.1,492.22,195.0
755,2024-06-28,1018,2047,34,89,13.41,0.0,1193.49,534.0
756,2024-06-28,1013,2023,32,53,75.45,0.0,3998.85,1484.0
757,2024-06-28,1012,2059,34,21,61.24,0.0,1286.04,462.0
758,2024-06-30,1008,2031,33,131,10.16,0.1,1197.86,589.5
759,2024-06-30,1010,2060,37,47,44.47,0.0,2090.09,846.0
760,2024-07-01,1011,2050,34,36,87.4,0.0,3146.4,1260.0
761,2024-07-01,1002,2057,32,52,19.93,0.0,1036.36,494.0
762,2024-07-02,1010,2044,36,21,43.77,0.1,827.25,378.0
763,2024-07-03,1004,2044,34,86,20.76,0.05,1696.09,860.0
764,2024-07-03,1011,2054,31,17,91.55,0.05,1478.53,595.0
765,2024-07-04,1013,2015,30,27,72.4,0.05,1857.06,756.0
766,2024-07-05,1011,2028,36,29,86.83,0.05,2392.17,1015.0
767,2024-07-05,1018,2032,33,44,14.17,0.1,561.13,264.0
768,2024-07-05,1007,2005,31,38,8.08,0.1,276.34,133.0
769,2024-07-07,1002,2044,32,65,18.82,0.0,1223.3,617.5
770,2024-07-07,1008,2053,37,44,9.7,0.15,362.78,198.0
771,2024-07-08,1002,2060,37,128,19.98,0.0,2557.44,1216.0
772,2024-07-10,1019,2055,35,92,41.68,0.0,3834.56,1472.0
773,2024-07-10,1012,2056,32,79,56.02,0.0,4425.58,1738.0
774,2024-07-10,1002,2058,31,94,19.59,0.0,1841.46,893.0
775,2024-07-12,1010,2043,34,28,45.82,0.0,1282.96,504.0
776,2024-07-12,1002,2010,36,99,19.71,0.05,1853.73,940.5
777,2024-07-13,1012,2044,34,16,58.93,0.1,848.59,352.0
778,2024-07-13,1011,2050,37,26,97.19,0.0,2526.94,910.0
779,2024-07-14,1017,2058,32,35,38.99,0.0,1364.65,525.0
780,2024-07-15,1002,2049,31,184,17.53,0.0,3225.52,1748.0
781,2024-07-15,1013,2028,32,19,69.65,0.0,1323.35,532.0
782,2024-07-15,1015,2035,32,24,94.08,0.15,1919.23,960.0
783,2024-07-15,1016,2045,30,51,51.05,0.15,2213.02,1020.0
784,2024-07-16,1005,2045,37,111,15.53,0.0,1723.83,832.5
785,2024-07-17,1013,2030,37,22,71.1,0.0,1564.2,616.0
786,2024-07-19,1002,2040,37,47,17.5,0.0,822.5,446.5
787,2024-07-20,1014,2059,35,23,60.22,0.0,1385.06,575.0
788,2024-07-20,1006,2003,32,162,9.32,0.1,1358.86,648.0
789,2024-07-20,1013,2043,36,9,71.4,0.05,610.47,252.0
790,2024-07-20,1017,2010,31,26,40.03,0.1,936.7,390.0
791,2024-07-20,1002,2027,37,85,19.73,0.1,1509.35,807.5
792,2024-07-21,1003,2056,36,176,25.43,0.05,4251.9,2112.0
793,2024-07-22,1018,2022,35,16,12.65,0.05,192.28,96.0
794,2024-07-22,1009,2026,32,27,28.11,0.0,758.97,324.0
795,2024-07-23,1002,2022,31,74,19.04,0.05,1338.51,703.0
796,2024-07-23,1003,2026,36,88,26.13,0.0,2299.44,1056.0
797,2024-07-24,1018,2006,35,31,13.61,0.0,421.91,186.0
798,2024-07-26,1010,2037,32,11,47.31,0.0,520.41,198.0
799,2024-07-26,1013,2009,31,23,73.59,0.0,1692.57,644.0
800,2024-07-27,1007,2019,34,57,7.77,0.0,442.89,199.5
801,2024-07-27,1018,2002,36,33,14.43,0.0,476.19,198.0
802,2024-07-28,1020,2016,31,56,50.38,0.0,2821.28,1064.0
803,2024-07-28,1001,2045,32,121,14.8,0.15,1522.18,968.0
804,2024-07-28,1001,2020,35,90,14.64,0.1,1185.84,720.0
805,2024-07-29,1017,2032,36,18,40.58,0.0,730.44,270.0
806,2024-07-30,1019,2001,32,16,39.07,0.15,531.35,256.0
807,2024-07-30,1013,2051,36,17,76.94,0.0,1307.98,476.0
808,2024-07-30,1008,2036,36,89,10.81,0.0,962.09,400.5
809,2024-07-30,1007,2032,34,201,8.76,0.1,1584.68,703.5
810,2024-08-01,1012,2026,33,34,58.4,0.15,1687.76,748.0
811,2024-08-02,1004,2015,33,55,22.08,0.1,1092.96,550.0
812,2024-08-02,1016,2008,34,9,50.52,0.0,454.68,180.0
813,2024-08-02,1005,2050,30,143,13.92,0.0,1990.56,1072.5
814,2024-08-02,1002,2010,33,80,18.87,0.0,1509.6,760.0
815,2024-08-02,1019,2028,32,38,39.96,0.0,1518.48,608.0
816,2024-08-02,1016,2049,30,11,52.24,0.1,517.18,220.0
817,2024-08-03,1011,2043,31,11,93.6,0.0,1029.6,385.0
818,2024-08-03,1002,2024,35,12,19.09,0.05,217.63,114.0
819,2024-08-03,1004,2050,37,24,19.44,0.0,466.56,240.0
820,2024-08-06,1018,2005,36,13,12.99,0.05,160.43,78.0
821,2024-08-07,1013,2032,31,28,70.27,0.0,1967.56,784.0
822,2024-08-07,1020,2056,34,95,46.28,0.05,4176.77,1805.0
823,2024-08-08,1017,2009,34,11,37.83,0.0,416.13,165.0
824,2024-08-09,1020,2006,34,35,46.31,0.0,1620.85,665.0
825,2024-08-09,1002,2048,30,28,19.23,0.0,538.44,266.0
826,2024-08-09,1008,2058,30,83,10.41,0.0,864.03,373.5
827,2024-08-09,1009,2058,31,28,31.16,0.0,872.48,336.0
828,2024-08-10,1009,2060,33,6,27.93,0.05,159.2,72.0
829,2024-08-10,1010,2012,30,5,46.82,0.0,234.1,90.0
830,2024-08-11,1008,2029,36,53,11.07,0.0,586.71,238.5
831,2024-08-11,1001,2007,31,45,15.14,0.0,681.3,360.0
832,2024-08-12,1008,2051,36,282,10.19,0.0,2873.58,1269.0
833,2024-08-12,1013,2005,33,25,71.04,0.05,1687.2,700.0
834,2024-08-13,1006,2006,32,32,9.39,0.05,285.46,128.0
835,2024-08-13,1002,2020,31,31,17.87,0.1,498.57,294.5
836,2024-08-14,1018,2055,37,54,14.28,0.0,771.12,324.0
837,2024-08-14,1020,2016,34,44,48.86,0.1,1934.86,836.0
838,2024-08-14,1004,2024,35,41,21.8,0.0,893.8,410.0
839,2024-08-16,1008,2010,30,166,11.04,0.05,1741.01,747.0
840,2024-08-16,1012,2050,33,22,56.26,0.1,1113.95,484.0
841,2024-08-18,1016,2041,37,5,50.63,0.1,227.84,100.0
842,2024-08-19,1019,2002,31,119,39.34,0.1,4213.31,1904.0
843,2024-08-19,1013,2056,36,4,72.46,0.1,260.86,112.0
844,2024-08-19,1019,2045,33,24,37.9,0.05,864.12,384.0
845,2024-08-20,1019,2046,33,46,42.6,0.0,1959.6,736.0
846,2024-08-21,1013,2007,33,12,75.44,0.15,769.49,336.0
847,2024-08-23,1004,2011,36,55,20.41,0.0,1122.55,550.0
848,2024-08-24,1005,2054,37,118,15.44,0.05,1730.82,885.0
849,2024-08-26,1013,2020,35,71,72.35,0.0,5136.85,1988.0
850,2024-08-26,1017,2042,30,14,37.82,0.0,529.48,210.0
851,2024-08-27,1004,2006,37,66,21.91,0.0,1446.06,660.0
852,2024-08-28,1020,2057,36,30,46.73,0.05,1331.8,570.0
853,2024-08-28,1001,2037,32,28,16.13,0.0,451.64,224.0
854,2024-08-29,1019,2047,35,34,38.73,0.05,1250.98,544.0
855,2024-08-31,1001,2023,37,226,16.28,0.0,3679.28,1808.0
856,2024-08-31,1020,2028,32,23,49.68,0.05,1085.51,437.0
857,2024-09-02,1006,2006,34,238,9.7,0.05,2193.17,952.0
858,2024-09-03,1013,2023,35,9,73.26,0.05,626.37,252.0
859,2024-09-03,1018,2016,32,101,12.64,0.0,1276.64,606.0
860,2024-09-03,1008,2013,36,215,10.9,0.0,2343.5,967.5
861,2024-09-03,1018,2019,34,58,12.94,0.15,637.94,348.0
862,2024-09-08,1018,2002,30,73,14.05,0.0,1025.65,438.0
863,2024-09-09,1018,2050,36,26,14.22,0.1,332.75,156.0
864,2024-09-09,1020,2043,35,62,47.1,0.0,2920.2,1178.0
865,2024-09-12,1019,2015,30,13,41.41,0.05,511.41,208.0
866,2024-09-12,1003,2042,37,65,23.33,0.1,1364.8,780.0
867,2024-09-12,1016,2050,33,23,52.56,0.1,1087.99,460.0
868,2024-09-13,1014,2014,33,2,59.61,0.0,119.22,50.0
869,2024-09-13,1012,2017,32,11,55.16,0.0,606.76,242.0
870,2024-09-14,1016,2031,37,4,48.27,0.05,183.43,80.0
871,2024-09-15,1011,2040,35,19,89.8,0.05,1620.89,665.0
872,2024-09-15,1009,2049,34,36,27.28,0.0,982.08,432.0
873,2024-09-16,1016,2036,34,24,47.94,0.0,1150.56,480.0
874,2024-09-19,1009,2011,35,31,29.33,0.0,909.23,372.0
875,2024-09-19,1002,2001,37,72,19.9,0.0,1432.8,684.0
876,2024-09-20,1001,2003,37,143,16.27,0.0,2326.61,1144.0
877,2024-09-20,1004,2007,30,179,22.14,0.05,3764.91,1790.0
878,2024-09-21,1019,2008,33,46,38.33,0.0,1763.18,736.0
879,2024-09-21,1014,2031,36,3,63.9,0.0,191.7,75.0
880,2024-09-21,1006,2042,30,29,9.64,0.0,279.56,116.0
881,2024-09-22,1014,2045,35,10,66.65,0.0,666.5,250.0
882,2024-09-22,1018,2053,34,44,14.12,0.0,621.28,264.0
883,2024-09-22,1015,2007,32,10,104.4,0.0,1044.0,400.0
884,2024-09-23,1012,2046,31,21,55.93,0.1,1057.08,462.0
885,2024-09-24,1014,2024,32,23,63.6,0.0,1462.8,575.0
886,2024-09-24,1020,2002,30,101,49.81,0.05,4779.27,1919.0
887,2024-09-24,1001,2019,34,61,15.67,0.05,908.08,488.0
888,2024-09-25,1012,2033,33,24,60.47,0.15,1233.59,528.0
889,2024-09-26,1018,2012,32,19,14.21,0.0,269.99,114.0
890,2024-09-27,1012,2052,31,49,59.95,0.15,2496.92,1078.0
891,2024-09-27,1011,2059,35,38,96.15,0.0,3653.7,1330.0
892,2024-09-27,1005,2011,32,83,15.52,0.0,1288.16,622.5
893,2024-09-29,1016,2014,34,28,51.06,0.05,1358.2,560.0
894,2024-09-29,1020,2058,31,42,48.38,0.0,2031.96,798.0
895,2024-09-29,1009,2032,30,37,27.21,0.0,1006.77,444.0
896,2024-09-29,1018,2023,35,90,13.61,0.0,1224.9,540.0
897,2024-09-30,1006,2053,37,112,9.34,0.0,1046.08,448.0
898,2024-09-30,1005,2015,33,58,14.5,0.1,756.9,435.0
899,2024-10-03,1006,2013,30,86,8.89,0.0,764.54,344.0
900,2024-10-03,1008,2019,33,180,10.11,0.0,1819.8,810.0
901,2024-10-03,1014,2023,36,40,63.2,0.0,2528.0,1000.0
902,2024-10-03,1003,2014,36,191,24.04,0.05,4362.06,2292.0
903,2024-10-03,1016,2005,33,18,52.84,0.0,951.12,360.0
904,2024-10-05,1004,2020,37,58,22.11,0.05,1218.26,580.0
905,2024-10-06,1017,2004,32,22,37.08,0.05,774.97,330.0
906,2024-10-08,1010,2028,31,7,50.38,0.05,335.03,126.0
907,2024-10-08,1011,2027,30,21,98.07,0.05,1956.5,735.0
908,2024-10-11,1005,2051,35,93,14.21,0.1,1189.38,697.5
909,2024-10-11,1007,2019,32,87,8.78,0.0,763.86,304.5
910,2024-10-11,1014,2022,32,26,65.66,0.0,1707.16,650.0
911,2024-10-12,1003,2019,34,60,26.31,0.0,1578.6,720.0
912,2024-10-12,1018,2012,32,38,13.96,0.05,503.96,228.0
913,2024-10-12,1016,2027,35,8,53.54,0.0,428.32,160.0
914,2024-10-12,1004,2032,37,94,21.44,0.0,2015.36,940.0
915,2024-10-14,1009,2046,36,15,27.84,0.0,417.6,180.0
916,2024-10-14,1015,2040,37,11,100.95,0.0,1110.45,440.0
917,2024-10-16,1015,2028,35,22,105.3,0.0,2316.6,880.0
918,2024-10-16,1020,2058,37,10,46.74,0.0,467.4,190.0
919,2024-10-16,1019,2022,31,48,38.44,0.0,1845.12,768.0
920,2024-10-18,1006,2009,30,42,9.58,0.05,382.24,168.0
921,2024-10-18,1019,2037,36,40,39.38,0.0,1575.2,640.0
922,2024-10-18,1005,2040,32,49,13.72,0.05,638.67,367.5
923,2024-10-18,1020,2003,31,8,44.08,0.05,335.01,152.0
924,2024-10-22,1018,2017,31,77,12.75,0.05,932.66,462.0
925,2024-10-22,1003,2030,30,83,25.49,0.0,2115.67,996.0
926,2024-10-23,1014,2020,32,15,62.78,0.0,941.7,375.0
927,2024-10-24,1003,2030,35,29,25.97,0.0,753.13,348.0
928,2024-10-25,1007,2025,33,55,7.97,0.0,438.35,192.5
929,2024-10-25,1003,2045,34,80,25.57,0.0,2045.6,960.0
930,2024-10-26,1014,2003,34,8,59.25,0.0,474.0,200.0
931,2024-10-27,1009,2048,32,35,28.21,0.0,987.35,420.0
932,2024-10-30,1010,2026,34,35,48.45,0.05,1610.96,630.0
933,2024-10-31,1005,2050,34,91,14.35,0.0,1305.85,682.5
934,2024-11-01,1007,2024,31,92,8.59,0.0,790.28,322.0
935,2024-11-02,1013,2006,34,40,68.26,0.05,2593.88,1120.0
936,2024-11-03,1008,2059,30,104,10.1,0.1,945.36,468.0
937,2024-11-04,1018,2034,35,62,13.51,0.0,837.62,372.0
938,2024-11-04,1014,2009,36,14,66.97,0.0,937.58,350.0
939,2024-11-04,1020,2057,36,29,47.74,0.0,1384.46,551.0
940,2024-11-05,1003,2040,35,146,24.3,0.05,3370.41,1752.0
941,2024-11-05,1015,2051,33,30,97.42,0.0,2922.6,1200.0
942,2024-11-06,1007,2005,34,68,8.24,0.0,560.32,238.0
943,2024-11-07,1005,2040,37,41,14.53,0.0,595.73,307.5
944,2024-11-07,1011,2042,37,57,95.42,0.05,5166.99,1995.0
945,2024-11-07,1008,2008,37,67,10.32,0.0,691.44,301.5
946,2024-11-08,1004,2045,31,120,21.36,0.0,2563.2,1200.0
947,2024-11-08,1009,2006,33,30,31.11,0.05,886.63,360.0
948,2024-11-08,1008,2038,31,25,10.07,0.05,239.16,112.5
949,2024-11-08,1011,2039,36,11,98.03,0.05,1024.41,385.0
950,2024-11-09,1008,2040,32,116,10.97,0.1,1145.27,522.0
951,2024-11-10,1004,2020,36,84,21.56,0.0,1811.04,840.0
952,2024-11-11,1013,2040,34,25,73.94,0.1,1663.65,700.0
953,2024-11-12,1011,2029,32,25,99.39,0.0,2484.75,875.0
954,2024-11-13,1006,2045,30,268,8.89,0.05,2263.39,1072.0
955,2024-11-14,1018,2057,32,33,13.19,0.05,413.51,198.0
956,2024-11-16,1011,2040,31,31,93.26,0.05,2746.51,1085.0
957,2024-11-16,1017,2007,36,3,38.15,0.0,114.45,45.0
958,2024-11-18,1004,2008,30,174,20.22,0.0,3518.28,1740.0
959,2024-11-18,1003,2054,32,10,24.71,0.1,222.39,120.0
960,2024-11-18,1014,2021,35,25,62.01,0.0,1550.25,625.0
961,2024-11-19,1010,2039,32,35,47.77,0.05,1588.35,630.0
962,2024-11-19,1010,2053,30,5,48.53,0.0,242.65,90.0
963,2024-11-20,1016,2017,32,18,47.56,0.0,856.08,360.0
964,2024-11-21,1018,2052,30,39,13.17,0.1,462.27,234.0
965,2024-11-22,1016,2042,36,14,50.01,0.05,665.13,280.0
966,2024-11-22,1007,2051,32,77,8.37,0.05,612.27,269.5
967,2024-11-24,1003,2032,35,66,26.79,0.0,1768.14,792.0
968,2024-11-24,1018,2009,31,19,13.26,0.05,239.34,114.0
969,2024-11-24,1006,2001,31,265,9.15,0.0,2424.75,1060.0
970,2024-11-26,1020,2022,31,10,44.0,0.05,418.0,190.0
971,2024-11-27,1011,2015,34,38,95.07,0.0,3612.66,1330.0
972,2024-11-28,1010,2047,30,75,49.97,0.0,3747.75,1350.0
973,2024-11-28,1015,2031,31,43,104.93,0.1,4060.79,1720.0
974,2024-11-29,1018,2027,37,25,14.43,0.0,360.75,150.0
975,2024-11-29,1018,2046,33,48,12.66,0.05,577.3,288.0
976,2024-12-01,1004,2018,35,77,20.85,0.0,1605.45,770.0
977,2024-12-02,1012,2006,31,59,54.64,0.05,3062.57,1298.0
978,2024-12-02,1012,2053,32,19,54.14,0.05,977.23,418.0
979,2024-12-02,1016,2060,30,27,50.14,0.0,1353.78,540.0
980,2024-12-03,1004,2005,31,197,20.87,0.1,3700.25,1970.0
981,2024-12-03,1012,2023,30,8,57.84,0.15,393.31,176.0
982,2024-12-03,1018,2043,35,48,13.85,0.0,664.8,288.0
983,2024-12-04,1015,2055,36,3,95.37,0.0,286.11,120.0
984,2024-12-05,1011,2028,36,57,97.9,0.1,5022.27,1995.0
985,2024-12-05,1016,2043,31,7,48.94,0.0,342.58,140.0
986,2024-12-05,1020,2016,32,64,44.7,0.05,2717.76,1216.0
987,2024-12-05,1003,2011,30,110,26.41,0.0,2905.1,1320.0
988,2024-12-06,1005,2056,34,198,15.43,0.0,3055.14,1485.0
989,2024-12-06,1020,2019,34,8,46.82,0.0,374.56,152.0
990,2024-12-07,1009,2025,37,35,29.08,0.0,1017.8,420.0
991,2024-12-07,1017,2042,37,13,42.01,0.0,546.13,195.0
992,2024-12-07,1004,2024,33,57,21.32,0.15,1032.95,570.0
993,2024-12-08,1003,2055,34,149,23.79,0.05,3367.47,1788.0
994,2024-12-08,1008,2041,35,37,10.08,0.0,372.96,166.5
995,2024-12-08,1007,2049,35,121,8.16,0.0,987.36,423.5
996,2024-12-08,1016,2051,30,73,51.21,0.0,3738.33,1460.0
997,2024-12-09,1019,2007,36,21,38.85,0.1,734.26,336.0
998,2024-12-09,1016,2018,31,40,49.2,0.05,1869.6,800.0
999,2024-12-10,1002,2051,35,116,19.96,0.0,2315.36,1102.0
1000,2024-12-11,1004,2002,34,126,20.52,0.05,2456.24,1260.0
1001,2024-12-13,1016,2005,37,18,51.11,0.1,827.98,360.0
1002,2024-12-13,1020,2016,35,36,48.4,0.0,1742.4,684.0
1003,2024-12-13,1005,2040,30,248,15.17,0.0,3762.16,1860.0
1004,2024-12-13,1011,2028,32,50,97.24,0.15,4132.7,1750.0
1005,2024-12-15,1020,2051,31,62,47.31,0.05,2786.56,1178.0
1006,2024-12-15,1005,2007,30,51,14.92,0.05,722.87,382.5
1007,2024-12-17,1004,2044,33,260,20.35,0.0,5291.0,2600.0
1008,2024-12-18,1009,2044,35,18,28.2,0.0,507.6,216.0
1009,2024-12-18,1011,2005,33,35,90.58,0.0,3170.3,1225.0
1010,2024-12-18,1012,2038,31,37,57.13,0.05,2008.12,814.0
1011,2024-12-19,1005,2058,34,74,13.61,0.05,956.78,555.0
1012,2024-12-19,1005,2054,33,92,14.1,0.05,1232.34,690.0
1013,2024-12-20,1015,2017,33,20,93.16,0.0,1863.2,800.0
1014,2024-12-20,1006,2042,35,78,8.84,0.1,620.57,312.0
1015,2024-12-20,1014,2012,36,15,66.15,0.0,992.25,375.0
1016,2024-12-21,1015,2045,37,5,95.21,0.05,452.25,200.0
1017,2024-12-22,1007,2033,36,345,8.09,0.1,2511.94,1207.5
1018,2024-12-23,1005,2043,37,66,14.67,0.05,919.81,495.0
1019,2024-12-23,1011,2006,37,23,95.81,0.0,2203.63,805.0
1020,2024-12-25,1005,2024,30,76,13.6,0.0,1033.6,570.0
1021,2024-12-25,1005,2042,34,71,14.49,0.05,977.35,532.5
1022,2024-12-26,1018,2004,34,17,12.86,0.0,218.62,102.0
1023,2024-12-26,1004,2025,32,41,19.66,0.05,765.76,410.0
1024,2024-12-27,1001,2001,36,23,15.85,0.0,364.55,184.0
1025,2024-12-27,1005,2039,30,40,13.66,0.1,491.76,300.0
1026,2024-12-28,1015,2002,33,52,99.11,0.0,5153.72,2080.0
1027,2024-12-28,1006,2021,31,52,9.41,0.05,464.85,208.0
1028,2024-12-29,1020,2012,37,35,44.04,0.05,1464.33,665.0
1029,2024-12-29,1018,2054,32,20,13.17,0.15,223.89,120.0
1030,2024-12-29,1017,2049,32,9,41.71,0.0,375.39,135.0
1031,2024-12-29,1013,2014,32,67,71.13,0.0,4765.71,1876.0
1032,2024-12-30,1012,2031,32,53,54.87,0.0,2908.11,1166.0
1033,2024-12-31,1013,2017,31,26,74.26,0.05,1834.22,728.0
1034,2025-01-02,1014,2039,37,16,65.3,0.0,1044.8,400.0
1035,2025-01-03,1012,2049,33,52,59.26,0.0,3081.52,1144.0
1036,2025-01-04,1019,2029,30,52,40.69,0.1,1904.29,832.0
1037,2025-01-04,1019,2005,37,42,38.38,0.0,1611.96,672.0
1038,2025-01-05,1004,2041,35,80,19.67,0.05,1494.92,800.0
1039,2025-01-07,1019,2051,34,50,39.23,0.0,1961.5,800.0
1040,2025-01-08,1015,2013,35,13,100.6,0.0,1307.8,520.0
1041,2025-01-08,1002,2041,36,36,19.04,0.0,685.44,342.0
1042,2025-01-08,1016,2007,32,9,50.84,0.0,457.56,180.0
1043,2025-01-08,1015,2047,33,18,92.77,0.0,1669.86,720.0
1044,2025-01-09,1016,2058,31,2,52.19,0.0,104.38,40.0
1045,2025-01-10,1016,2023,32,4,49.88,0.05,189.54,80.0
1046,2025-01-10,1004,2030,34,191,22.11,0.05,4011.86,1910.0
1047,2025-01-11,1006,2040,30,77,9.86,0.1,683.3,308.0
1048,2025-01-11,1020,2019,36,19,49.95,0.15,806.69,361.0
1049,2025-01-11,1005,2046,37,55,14.11,0.0,776.05,412.5
1050,2025-01-12,1004,2055,37,62,22.17,0.1,1237.09,620.0
1051,2025-01-14,1012,2026,30,11,59.65,0.0,656.15,242.0
1052,2025-01-14,1019,2038,32,34,39.35,0.05,1271.01,544.0
1053,2025-01-14,1014,2053,32,35,58.91,0.05,1958.76,875.0
1054,2025-01-15,1017,2057,32,46,40.26,0.0,1851.96,690.0
1055,2025-01-17,1014,2021,36,23,64.83,0.0,1491.09,575.0
1056,2025-01-18,1015,2055,31,25,101.2,0.05,2403.5,1000.0
1057,2025-01-19,1016,2036,31,15,53.04,0.0,795.6,300.0
1058,2025-01-20,1018,2001,36,35,14.09,0.0,493.15,210.0
1059,2025-01-21,1003,2012,37,103,25.88,0.05,2532.36,1236.0
1060,2025-01-22,1004,2031,36,158,20.96,0.15,2814.93,1580.0
1061,2025-01-22,1011,2015,30,10,94.39,0.0,943.9,350.0
1062,2025-01-22,1017,2018,34,10,37.54,0.0,375.4,150.0
1063,2025-01-23,1016,2049,37,16,53.32,0.0,853.12,320.0
1064,2025-01-24,1016,2055,37,11,52.06,0.0,572.66,220.0
1065,2025-01-25,1001,2056,33,84,15.21,0.0,1277.64,672.0
1066,2025-01-25,1002,2002,32,20,19.7,0.0,394.0,190.0
1067,2025-01-26,1018,2046,34,9,14.51,0.0,130.59,54.0
1068,2025-01-27,1020,2032,33,20,45.29,0.0,905.8,380.0
1069,2025-01-27,1002,2010,34,36,18.12,0.05,619.7,342.0
1070,2025-01-27,1019,2039,37,32,42.72,0.0,1367.04,512.0
1071,2025-01-28,1017,2001,33,10,36.87,0.1,331.83,150.0
1072,2025-01-28,1019,2048,32,97,39.19,0.0,3801.43,1552.0
1073,2025-01-29,1004,2048,32,21,21.21,0.1,400.87,210.0
1074,2025-01-29,1004,2059,33,26,21.64,0.05,534.51,260.0
1075,2025-01-30,1002,2047,35,24,19.71,0.0,473.04,228.0
1076,2025-01-30,1018,2051,34,33,13.37,0.0,441.21,198.0
1077,2025-01-31,1015,2012,37,3,104.9,0.0,314.7,120.0
1078,2025-02-01,1018,2041,34,66,13.63,0.0,899.58,396.0
1079,2025-02-02,1003,2033,31,28,24.99,0.05,664.73,336.0
1080,2025-02-02,1007,2023,31,214,8.45,0.0,1808.3,749.0
1081,2025-02-02,1016,2002,35,35,53.19,0.1,1675.48,700.0
1082,2025-02-03,1004,2044,37,63,21.7,0.05,1298.74,630.0
1083,2025-02-04,1001,2016,31,62,15.35,0.0,951.7,496.0
1084,2025-02-04,1020,2041,36,18,49.92,0.05,853.63,342.0
1085,2025-02-05,1003,2011,33,74,24.31,0.0,1798.94,888.0
1086,2025-02-09,1004,2028,35,55,21.17,0.0,1164.35,550.0
1087,2025-02-10,1008,2033,36,88,10.18,0.1,806.26,396.0
1088,2025-02-11,1020,2029,36,33,43.99,0.0,1451.67,627.0
1089,2025-02-11,1019,2060,35,64,42.28,0.0,2705.92,1024.0
1090,2025-02-12,1015,2033,36,12,100.88,0.05,1150.03,480.0
1091,2025-02-12,1005,2033,30,72,14.0,0.0,1008.0,540.0
1092,2025-02-12,1016,2052,34,20,48.72,0.05,925.68,400.0
1093,2025-02-12,1015,2052,37,43,100.24,0.0,4310.32,1720.0
1094,2025-02-12,1004,2031,34,156,19.56,0.0,3051.36,1560.0
1095,2025-02-12,1019,2050,33,11,41.03,0.05,428.76,176.0
1096,2025-02-13,1013,2026,37,30,70.62,0.05,2012.67,840.0
1097,2025-02-13,1001,2047,36,47,16.75,0.0,787.25,376.0
1098,2025-02-14,1014,2044,31,36,58.62,0.05,2004.8,900.0
1099,2025-02-14,1017,2037,32,14,37.66,0.0,527.24,210.0
1100,2025-02-14,1017,2041,33,11,37.95,0.05,396.58,165.0
1101,2025-02-17,1011,2011,32,30,89.27,0.0,2678.1,1050.0
1102,2025-02-17,1004,2058,30,32,20.73,0.05,630.19,320.0
1103,2025-02-17,1003,2032,37,64,25.66,0.0,1642.24,768.0
1104,2025-02-17,1015,2007,33,3,99.94,0.15,254.85,120.0
1105,2025-02-17,1003,2032,37,32,23.92,0.05,727.17,384.0
1106,2025-02-18,1012,2043,36,18,57.99,0.05,991.63,396.0
1107,2025-02-18,1011,2027,30,18,98.54,0.0,1773.72,630.0
1108,2025-02-18,1013,2018,36,8,72.0,0.05,547.2,224.0
1109,2025-02-19,1008,2051,31,13,10.72,0.05,132.39,58.5
1110,2025-02-19,1005,2026,33,27,14.59,0.0,393.93,202.5
1111,2025-02-20,1007,2006,32,176,8.51,0.0,1497.76,616.0
1112,2025-02-21,1008,2025,35,27,10.56,0.15,242.35,121.5
1113,2025-02-21,1001,2015,31,17,15.48,0.1,236.84,136.0
1114,2025-02-22,1009,2012,37,25,29.58,0.05,702.52,300.0
1115,2025-02-23,1006,2011,35,36,9.76,0.05,333.79,144.0
1116,2025-02-24,1019,2007,33,90,43.68,0.15,3341.52,1440.0
1117,2025-02-24,1012,2048,31,12,54.73,0.05,623.92,264.0
1118,2025-02-25,1005,2010,30,33,15.57,0.1,462.43,247.5
1119,2025-02-26,1019,2017,37,48,39.07,0.0,1875.36,768.0
1120,2025-02-27,1003,2017,33,89,23.34,0.0,2077.26,1068.0
1121,2025-02-27,1013,2041,32,19,69.39,0.0,1318.41,532.0
1122,2025-02-28,1001,2034,31,104,15.3,0.0,1591.2,832.0
1123,2025-03-01,1019,2003,35,125,42.13,0.0,5266.25,2000.0
1124,2025-03-01,1015,2033,32,37,98.67,0.05,3468.25,1480.0
1125,2025-03-02,1004,2008,33,69,22.08,0.05,1447.34,690.0
1126,2025-03-03,1010,2040,30,51,46.76,0.0,2384.76,918.0
1127,2025-03-03,1020,2051,35,200,49.34,0.0,9868.0,3800.0
1128,2025-03-04,1018,2053,30,86,14.22,0.0,1222.92,516.0
1129,2025-03-05,1013,2013,34,79,67.67,0.0,5345.93,2212.0
1130,2025-03-05,1010,2023,34,36,46.22,0.0,1663.92,648.0
1131,2025-03-05,1017,2020,36,13,39.03,0.1,456.65,195.0
1132,2025-03-05,1002,2047,35,262,19.1,0.1,4503.78,2489.0
1133,2025-03-05,1011,2053,32,42,88.24,0.1,3335.47,1470.0
1134,2025-03-06,1019,2010,32,36,41.32,0.1,1338.77,576.0
1135,2025-03-07,1006,2002,34,132,10.03,0.0,1323.96,528.0
1136,2025-03-08,1004,2043,37,164,19.76,0.0,3240.64,1640.0
1137,2025-03-08,1014,2045,37,50,60.17,0.1,2707.65,1250.0
1138,2025-03-08,1001,2020,33,61,16.46,0.05,953.86,488.0
1139,2025-03-10,1010,2032,37,22,46.05,0.05,962.44,396.0
1140,2025-03-11,1009,2055,37,2,27.98,0.0,55.96,24.0
1141,2025-03-12,1004,2058,33,179,22.16,0.0,3966.64,1790.0
1142,2025-03-13,1008,2032,31,201,10.44,0.0,2098.44,904.5
1143,2025-03-15,1017,2010,34,31,38.68,0.0,1199.08,465.0
1144,2025-03-15,1019,2029,37,45,41.38,0.0,1862.1,720.0
1145,2025-03-15,1016,2037,30,10,48.72,0.05,462.84,200.0
1146,2025-03-15,1001,2058,33,170,15.64,0.0,2658.8,1360.0
1147,2025-03-16,1017,2026,31,34,37.77,0.0,1284.18,510.0
1148,2025-03-16,1013,2031,30,40,68.46,0.0,2738.4,1120.0
1149,2025-03-16,1011,2037,33,69,89.58,0.0,6181.02,2415.0
1150,2025-03-17,1017,2047,34,39,38.38,0.0,1496.82,585.0
1151,2025-03-19,1009,2019,30,20,28.11,0.0,562.2,240.0
1152,2025-03-19,1009,2055,30,82,29.93,0.0,2454.26,984.0
1153,2025-03-19,1012,2001,31,5,58.52,0.05,277.97,110.0
1154,2025-03-20,1010,2012,36,22,47.48,0.05,992.33,396.0
1155,2025-03-20,1003,2021,30,230,24.39,0.0,5609.7,2760.0
1156,2025-03-21,1005,2016,34,48,14.1,0.05,642.96,360.0
1157,2025-03-21,1005,2054,37,144,13.87,0.0,1997.28,1080.0
1158,2025-03-21,1016,2036,35,32,51.23,0.0,1639.36,640.0
1159,2025-03-22,1005,2016,37,156,13.64,0.15,1808.66,1170.0
1160,2025-03-23,1012,2013,32,33,57.55,0.0,1899.15,726.0
1161,2025-03-24,1019,2043,34,85,42.63,0.0,3623.55,1360.0
1162,2025-03-25,1018,2034,31,24,13.81,0.1,298.3,144.0
1163,2025-03-25,1018,2053,33,37,13.39,0.15,421.12,222.0
1164,2025-03-26,1001,2042,33,167,15.89,0.0,2653.63,1336.0
1165,2025-03-26,1009,2005,34,47,29.64,0.0,1393.08,564.0
1166,2025-03-29,1020,2022,35,86,50.39,0.0,4333.54,1634.0
1167,2025-03-29,1010,2012,36,20,44.99,0.0,899.8,360.0
1168,2025-03-29,1019,2022,31,68,42.09,0.1,2575.91,1088.0
1169,2025-03-30,1011,2035,30,20,91.84,0.0,1836.8,700.0
1170,2025-03-31,1019,2029,35,57,40.45,0.1,2075.09,912.0
1171,2025-03-31,1015,2039,35,12,101.66,0.15,1036.93,480.0
1172,2025-04-01,1008,2007,36,105,10.1,0.05,1007.47,472.5
1173,2025-04-02,1018,2005,34,19,12.86,0.1,219.91,114.0
1174,2025-04-03,1011,2053,32,6,92.21,0.0,553.26,210.0
1175,2025-04-04,1015,2025,35,17,102.6,0.0,1744.2,680.0
1176,2025-04-04,1003,2017,32,71,24.87,0.0,1765.77,852.0
1177,2025-04-05,1005,2052,35,129,14.3,0.0,1844.7,967.5
1178,2025-04-05,1010,2008,37,52,48.69,0.0,2531.88,936.0
1179,2025-04-05,1006,2010,33,539,8.87,0.0,4780.93,2156.0
1180,2025-04-06,1010,2003,33,28,49.23,0.05,1309.52,504.0
1181,2025-04-08,1014,2057,30,15,63.73,0.15,812.56,375.0
1182,2025-04-08,1018,2003,36,9,13.68,0.15,104.65,54.0
1183,2025-04-10,1009,2034,35,33,27.41,0.15,768.85,396.0
1184,2025-04-11,1002,2057,30,168,19.15,0.1,2895.48,1596.0
1185,2025-04-11,1004,2029,36,72,21.0,0.0,1512.0,720.0
1186,2025-04-13,1004,2036,36,118,21.56,0.1,2289.67,1180.0
1187,2025-04-13,1007,2035,34,189,8.73,0.05,1567.47,661.5
1188,2025-04-15,1001,2027,34,23,15.38,0.05,336.05,184.0
1189,2025-04-16,1013,2050,33,16,75.5,0.0,1208.0,448.0
1190,2025-04-17,1004,2040,33,115,19.74,0.05,2156.59,1150.0
1191,2025-04-17,1010,2055,31,30,45.75,0.1,1235.25,540.0
1192,2025-04-18,1012,2019,30,38,61.23,0.1,2094.07,836.0
1193,2025-04-20,1002,2020,36,57,18.85,0.0,1074.45,541.5
1194,2025-04-20,1004,2038,31,99,20.77,0.0,2056.23,990.0
1195,2025-04-21,1013,2028,32,39,72.06,0.0,2810.34,1092.0
1196,2025-04-21,1011,2016,31,60,92.29,0.0,5537.4,2100.0
1197,2025-04-21,1012,2040,34,16,59.9,0.0,958.4,352.0
1198,2025-04-22,1008,2011,37,33,10.15,0.1,301.45,148.5
1199,2025-04-22,1005,2059,31,53,15.33,0.0,812.49,397.5
1200,2025-04-22,1010,2036,37,9,49.28,0.0,443.52,162.0
1201,2025-04-23,1010,2012,36,18,48.56,0.0,874.08,324.0
1202,2025-04-23,1014,2056,35,11,64.87,0.05,677.89,275.0
1203,2025-04-24,1006,2023,36,144,9.67,0.0,1392.48,576.0
1204,2025-04-25,1019,2042,34,13,42.62,0.0,554.06,208.0
1205,2025-04-26,1005,2058,30,64,14.85,0.0,950.4,480.0
1206,2025-04-26,1014,2043,31,19,62.84,0.0,1193.96,475.0
1207,2025-04-26,1005,2020,34,140,13.73,0.0,1922.2,1050.0
1208,2025-04-27,1016,2013,34,3,47.41,0.05,135.12,60.0
1209,2025-04-28,1013,2041,33,13,69.21,0.0,899.73,364.0
1210,2025-04-29,1008,2042,35,73,11.07,0.05,767.7,328.5
1211,2025-04-30,1018,2056,37,28,13.48,0.0,377.44,168.0
1212,2025-04-30,1016,2039,30,29,49.83,0.15,1228.31,580.0
1213,2025-05-01,1012,2016,36,14,54.08,0.1,681.41,308.0
1214,2025-05-02,1006,2060,37,414,8.99,0.1,3349.67,1656.0
1215,2025-05-04,1009,2025,36,29,29.59,0.05,815.2,348.0
1216,2025-05-04,1012,2033,33,33,61.45,0.0,2027.85,726.0
1217,2025-05-04,1017,2022,35,29,40.53,0.0,1175.37,435.0
1218,2025-05-05,1013,2027,32,60,74.07,0.0,4444.2,1680.0
1219,2025-05-05,1005,2007,37,20,13.96,0.0,279.2,150.0
1220,2025-05-05,1004,2057,36,57,20.02,0.1,1027.03,570.0
1221,2025-05-05,1011,2023,36,36,88.31,0.05,3020.2,1260.0
1222,2025-05-06,1007,2022,31,208,8.68,0.05,1715.17,728.0
1223,2025-05-07,1009,2045,31,10,29.53,0.0,295.3,120.0
1224,2025-05-07,1019,2056,32,22,41.22,0.05,861.5,352.0
1225,2025-05-07,1002,2059,35,57,18.13,0.0,1033.41,541.5
1226,2025-05-08,1019,2059,32,55,40.66,0.0,2236.3,880.0
1227,2025-05-09,1005,2057,36,122,15.11,0.05,1751.25,915.0
1228,2025-05-09,1006,2052,35,13,8.97,0.05,110.78,52.0
1229,2025-05-10,1014,2043,32,2,59.59,0.15,101.3,50.0
1230,2025-05-11,1011,2053,31,20,95.91,0.1,1726.38,700.0
1231,2025-05-12,1019,2006,30,25,38.07,0.1,856.58,400.0
1232,2025-05-13,1018,2008,34,142,12.74,0.0,1809.08,852.0
1233,2025-05-13,1018,2060,33,83,14.29,0.05,1126.77,498.0
1234,2025-05-15,1015,2046,34,40,100.95,0.1,3634.2,1600.0
1235,2025-05-16,1017,2024,36,11,41.77,0.15,390.55,165.0
1236,2025-05-16,1018,2001,34,72,13.32,0.05,911.09,432.0
1237,2025-05-16,1003,2036,34,37,24.18,0.05,849.93,444.0
1238,2025-05-17,1005,2058,30,129,15.37,0.0,1982.73,967.5
1239,2025-05-17,1020,2021,37,58,48.28,0.05,2660.23,1102.0
1240,2025-05-17,1008,2060,35,126,10.77,0.0,1357.02,567.0
1241,2025-05-19,1011,2011,33,54,94.98,0.05,4872.47,1890.0
1242,2025-05-19,1003,2021,35,127,23.56,0.0,2992.12,1524.0
1243,2025-05-21,1017,2008,35,17,39.53,0.0,672.01,255.0
1244,2025-05-21,1019,2059,33,57,38.02,0.05,2058.78,912.0
1245,2025-05-22,1011,2025,35,7,97.71,0.1,615.57,245.0
1246,2025-05-22,1010,2028,31,40,46.08,0.05,1751.04,720.0
1247,2025-05-25,1004,2045,32,59,21.64,0.0,1276.76,590.0
1248,2025-05-26,1013,2048,32,21,68.96,0.1,1303.34,588.0
1249,2025-05-27,1008,2018,36,112,10.67,0.05,1135.29,504.0
1250,2025-05-28,1006,2028,33,65,9.33,0.0,606.45,260.0
1251,2025-05-30,1015,2060,36,21,104.88,0.05,2092.36,840.0
1252,2025-05-31,1011,2056,34,47,97.87,0.0,4599.89,1645.0
1253,2025-05-31,1019,2012,37,38,40.29,0.0,1531.02,608.0
1254,2025-05-31,1020,2009,33,59,47.92,0.0,2827.28,1121.0
1255,2025-06-01,1009,2058,34,47,28.26,0.05,1261.81,564.0
1256,2025-06-01,1007,2018,30,210,8.47,0.1,1600.83,735.0
1257,2025-06-02,1005,2034,32,76,14.23,0.05,1027.41,570.0
1258,2025-06-02,1006,2041,32,205,9.78,0.0,2004.9,820.0
1259,2025-06-03,1011,2029,34,27,88.35,0.0,2385.45,945.0
1260,2025-06-03,1003,2027,35,244,24.27,0.05,5625.79,2928.0
1261,2025-06-04,1018,2053,36,39,14.36,0.0,560.04,234.0
1262,2025-06-04,1004,2042,36,93,19.46,0.1,1628.8,930.0
1263,2025-06-05,1001,2026,35,109,15.08,0.05,1561.53,872.0
1264,2025-06-05,1012,2013,36,17,61.2,0.0,1040.4,374.0
1265,2025-06-05,1011,2028,36,43,89.98,0.05,3675.68,1505.0
1266,2025-06-05,1006,2047,35,184,9.83,0.15,1537.41,736.0
1267,2025-06-07,1019,2005,34,125,40.61,0.0,5076.25,2000.0
1268,2025-06-07,1016,2039,32,7,47.79,0.1,301.08,140.0
1269,2025-06-08,1008,2029,35,426,9.9,0.15,3584.79,1917.0
1270,2025-06-08,1006,2027,36,180,9.59,0.1,1553.58,720.0
1271,2025-06-09,1007,2031,37,78,8.21,0.0,640.38,273.0
1272,2025-06-09,1011,2014,33,20,90.38,0.1,1626.84,700.0
1273,2025-06-09,1004,2034,37,136,22.02,0.0,2994.72,1360.0
1274,2025-06-11,1009,2019,34,36,30.3,0.1,981.72,432.0
1275,2025-06-12,1009,2024,31,109,27.38,0.0,2984.42,1308.0
1276,2025-06-12,1002,2053,37,64,19.78,0.0,1265.92,608.0
1277,2025-06-12,1011,2020,34,84,97.37,0.05,7770.13,2940.0
1278,2025-06-16,1013,2015,30,31,76.71,0.1,2140.21,868.0
1279,2025-06-16,1002,2007,35,243,17.49,0.05,4037.57,2308.5
1280,2025-06-16,1018,2045,37,30,14.2,0.05,404.7,180.0
1281,2025-06-16,1005,2027,34,305,15.65,0.0,4773.25,2287.5
1282,2025-06-17,1008,2020,33,130,10.26,0.1,1200.42,585.0
1283,2025-06-17,1014,2037,37,13,60.58,0.05,748.16,325.0
1284,2025-06-17,1015,2020,35,21,104.49,0.05,2084.58,840.0
1285,2025-06-17,1018,2031,32,30,13.59,0.0,407.7,180.0
1286,2025-06-18,1010,2039,37,4,50.04,0.0,200.16,72.0
1287,2025-06-20,1004,2025,37,112,20.55,0.0,2301.6,1120.0
1288,2025-06-21,1001,2012,37,148,15.96,0.0,2362.08,1184.0
1289,2025-06-21,1014,2022,36,55,58.42,0.05,3052.44,1375.0
1290,2025-06-22,1015,2042,32,57,93.44,0.0,5326.08,2280.0
1291,2025-06-22,1018,2046,36,30,13.46,0.0,403.8,180.0
1292,2025-06-23,1001,2040,33,306,15.94,0.0,4877.64,2448.0
1293,2025-06-24,1006,2046,36,112,9.39,0.0,1051.68,448.0
1294,2025-06-27,1015,2048,37,25,103.28,0.15,2194.7,1000.0
1295,2025-06-27,1019,2001,32,50,43.11,0.05,2047.72,800.0
1296,2025-06-28,1002,2040,30,22,17.76,0.0,390.72,209.0
1297,2025-06-29,1003,2041,32,86,24.65,0.0,2119.9,1032.0
1298,2025-06-30,1020,2012,34,197,47.18,0.15,7900.29,3743.0
1299,2025-06-30,1003,2024,36,289,24.97,0.05,6855.51,3468.0
1300,2025-06-30,1017,2030,35,13,40.07,0.05,494.86,195.0
